NestedExtraction,AncestorExtraction,CCR
1,0,28
2,0,4
3,0,2
4,0,28
5,0,28
6,0,4
7,0,2
8,0,26
9,0,26
10,0,2
11,0,2
12,0,2
13,0,24
14,0,24
15,0,24
16,0,24
17,0,2
18,0,2
19,0,24
20,0,24
21,0,2
22,0,2
23,0,22
24,0,22
25,0,22
26,0,22
27,0,22
28,0,22
29,0,22
30,0,22
31,0,22
32,0,22
33,0,22
34,0,22
35,0,22
36,0,22
37,0,22
38,0,21
39,0,21
40,0,19
41,0,19
42,0,9
43,0,6
44,0,3
45,0,19
46,0,19
47,0,19
48,0,9
49,0,9
50,0,9
51,0,6
52,0,6
53,0,6
54,0,3
55,0,3
56,0,3
57,0,19
58,0,19
59,0,19
60,0,9
61,0,9
62,0,9
63,0,6
64,0,6
65,0,6
66,0,3
67,0,3
68,0,3
69,0,19
70,0,19
71,0,19
72,0,9
73,0,9
74,0,9
75,0,6
76,0,6
77,0,6
78,0,3
79,0,3
80,0,3
81,0,19
82,0,19
83,0,19
84,0,9
85,0,9
86,0,9
87,0,6
88,0,6
89,0,6
90,0,3
91,0,3
92,0,3
93,0,19
94,0,19
95,0,19
96,0,9
97,0,9
98,0,9
99,0,6
100,0,6
101,0,6
102,0,3
103,0,3
104,0,3
105,0,16
106,0,16
107,0,16
108,0,6
109,0,6
110,0,6
111,0,3
112,0,3
113,0,3
114,0,16
115,0,16
116,0,16
117,0,6
118,0,6
119,0,6
120,0,3
121,0,3
122,0,3
123,0,16
124,0,16
125,0,16
126,0,6
127,0,6
128,0,6
129,0,3
130,0,3
131,0,3
132,0,13
133,0,13
134,0,13
135,0,3
136,0,3
137,0,3
138,0,13
139,0,13
140,0,13
141,0,3
142,0,3
143,0,3
144,0,13
145,0,13
146,0,13
147,0,3
148,0,3
149,0,3
150,0,10
151,0,10
152,0,10
153,0,10
154,0,10
155,0,10
156,0,10
157,0,10
158,0,10
159,0,7
160,0,4
161,0,4
162,0,4
163,0,4
2,1,4
3,1,2
5,1,28
6,1,4
7,1,2
9,1,26
10,1,2
11,1,2
12,1,2
14,1,24
16,1,24
17,1,2
18,1,2
20,1,24
21,1,2
22,1,2
24,1,22
26,1,22
28,1,22
29,1,22
30,1,22
31,1,22
33,1,22
34,1,22
35,1,22
36,1,22
37,1,22
38,1,21
39,1,21
40,1,19
41,1,19
42,1,9
43,1,6
44,1,3
45,1,19
46,1,19
47,1,19
48,1,9
49,1,9
50,1,9
51,1,6
52,1,6
53,1,6
54,1,3
55,1,3
56,1,3
57,1,19
58,1,19
59,1,19
60,1,9
61,1,9
62,1,9
63,1,6
64,1,6
65,1,6
66,1,3
67,1,3
68,1,3
69,1,19
70,1,19
71,1,19
72,1,9
73,1,9
74,1,9
75,1,6
76,1,6
77,1,6
78,1,3
79,1,3
80,1,3
81,1,19
82,1,19
83,1,19
84,1,9
85,1,9
86,1,9
87,1,6
88,1,6
89,1,6
90,1,3
91,1,3
92,1,3
93,1,19
94,1,19
95,1,19
96,1,9
97,1,9
98,1,9
99,1,6
100,1,6
101,1,6
102,1,3
103,1,3
104,1,3
105,1,16
106,1,16
107,1,16
108,1,6
109,1,6
110,1,6
111,1,3
112,1,3
113,1,3
114,1,16
115,1,16
116,1,16
117,1,6
118,1,6
119,1,6
120,1,3
121,1,3
122,1,3
123,1,16
124,1,16
125,1,16
126,1,6
127,1,6
128,1,6
129,1,3
130,1,3
131,1,3
132,1,13
133,1,13
134,1,13
135,1,3
136,1,3
137,1,3
138,1,13
139,1,13
140,1,13
141,1,3
142,1,3
143,1,3
144,1,13
145,1,13
146,1,13
147,1,3
148,1,3
149,1,3
150,1,10
151,1,10
152,1,10
153,1,10
154,1,10
155,1,10
156,1,10
157,1,10
158,1,10
159,1,7
160,1,4
161,1,4
162,1,4
163,1,4
3,2,2
6,2,4
7,2,2
12,2,2
7,3,2
5,4,28
6,4,4
7,4,2
8,4,26
9,4,26
10,4,2
11,4,2
12,4,2
13,4,24
14,4,24
15,4,24
16,4,24
17,4,2
18,4,2
19,4,24
20,4,24
21,4,2
22,4,2
23,4,22
24,4,22
25,4,22
26,4,22
27,4,22
28,4,22
29,4,22
30,4,22
31,4,22
32,4,22
33,4,22
34,4,22
35,4,22
36,4,22
37,4,22
38,4,21
39,4,21
40,4,19
41,4,19
42,4,9
43,4,6
44,4,3
45,4,19
46,4,19
47,4,19
48,4,9
49,4,9
50,4,9
51,4,6
52,4,6
53,4,6
54,4,3
55,4,3
56,4,3
57,4,19
58,4,19
59,4,19
60,4,9
61,4,9
62,4,9
63,4,6
64,4,6
65,4,6
66,4,3
67,4,3
68,4,3
69,4,19
70,4,19
71,4,19
72,4,9
73,4,9
74,4,9
75,4,6
76,4,6
77,4,6
78,4,3
79,4,3
80,4,3
81,4,19
82,4,19
83,4,19
84,4,9
85,4,9
86,4,9
87,4,6
88,4,6
89,4,6
90,4,3
91,4,3
92,4,3
93,4,19
94,4,19
95,4,19
96,4,9
97,4,9
98,4,9
99,4,6
100,4,6
101,4,6
102,4,3
103,4,3
104,4,3
105,4,16
106,4,16
107,4,16
108,4,6
109,4,6
110,4,6
111,4,3
112,4,3
113,4,3
114,4,16
115,4,16
116,4,16
117,4,6
118,4,6
119,4,6
120,4,3
121,4,3
122,4,3
123,4,16
124,4,16
125,4,16
126,4,6
127,4,6
128,4,6
129,4,3
130,4,3
131,4,3
132,4,13
133,4,13
134,4,13
135,4,3
136,4,3
137,4,3
138,4,13
139,4,13
140,4,13
141,4,3
142,4,3
143,4,3
144,4,13
145,4,13
146,4,13
147,4,3
148,4,3
149,4,3
150,4,10
151,4,10
152,4,10
153,4,10
154,4,10
155,4,10
156,4,10
157,4,10
158,4,10
159,4,7
160,4,4
161,4,4
162,4,4
163,4,4
6,5,4
7,5,2
9,5,26
10,5,2
11,5,2
12,5,2
14,5,24
16,5,24
17,5,2
18,5,2
20,5,24
21,5,2
22,5,2
24,5,22
26,5,22
28,5,22
29,5,22
30,5,22
31,5,22
33,5,22
34,5,22
35,5,22
36,5,22
37,5,22
38,5,21
39,5,21
40,5,19
41,5,19
42,5,9
43,5,6
44,5,3
45,5,19
46,5,19
47,5,19
48,5,9
49,5,9
50,5,9
51,5,6
52,5,6
53,5,6
54,5,3
55,5,3
56,5,3
57,5,19
58,5,19
59,5,19
60,5,9
61,5,9
62,5,9
63,5,6
64,5,6
65,5,6
66,5,3
67,5,3
68,5,3
69,5,19
70,5,19
71,5,19
72,5,9
73,5,9
74,5,9
75,5,6
76,5,6
77,5,6
78,5,3
79,5,3
80,5,3
81,5,19
82,5,19
83,5,19
84,5,9
85,5,9
86,5,9
87,5,6
88,5,6
89,5,6
90,5,3
91,5,3
92,5,3
93,5,19
94,5,19
95,5,19
96,5,9
97,5,9
98,5,9
99,5,6
100,5,6
101,5,6
102,5,3
103,5,3
104,5,3
105,5,16
106,5,16
107,5,16
108,5,6
109,5,6
110,5,6
111,5,3
112,5,3
113,5,3
114,5,16
115,5,16
116,5,16
117,5,6
118,5,6
119,5,6
120,5,3
121,5,3
122,5,3
123,5,16
124,5,16
125,5,16
126,5,6
127,5,6
128,5,6
129,5,3
130,5,3
131,5,3
132,5,13
133,5,13
134,5,13
135,5,3
136,5,3
137,5,3
138,5,13
139,5,13
140,5,13
141,5,3
142,5,3
143,5,3
144,5,13
145,5,13
146,5,13
147,5,3
148,5,3
149,5,3
150,5,10
151,5,10
152,5,10
153,5,10
154,5,10
155,5,10
156,5,10
157,5,10
158,5,10
159,5,7
160,5,4
161,5,4
162,5,4
163,5,4
7,6,2
12,6,2
9,8,26
10,8,2
11,8,2
12,8,2
13,8,24
14,8,24
15,8,24
16,8,24
17,8,2
18,8,2
19,8,24
20,8,24
21,8,2
22,8,2
23,8,22
24,8,22
25,8,22
26,8,22
27,8,22
28,8,22
29,8,22
30,8,22
31,8,22
32,8,22
33,8,22
34,8,22
35,8,22
36,8,22
37,8,22
38,8,21
39,8,21
40,8,19
41,8,19
42,8,9
43,8,6
44,8,3
45,8,19
46,8,19
47,8,19
48,8,9
49,8,9
50,8,9
51,8,6
52,8,6
53,8,6
54,8,3
55,8,3
56,8,3
57,8,19
58,8,19
59,8,19
60,8,9
61,8,9
62,8,9
63,8,6
64,8,6
65,8,6
66,8,3
67,8,3
68,8,3
69,8,19
70,8,19
71,8,19
72,8,9
73,8,9
74,8,9
75,8,6
76,8,6
77,8,6
78,8,3
79,8,3
80,8,3
81,8,19
82,8,19
83,8,19
84,8,9
85,8,9
86,8,9
87,8,6
88,8,6
89,8,6
90,8,3
91,8,3
92,8,3
93,8,19
94,8,19
95,8,19
96,8,9
97,8,9
98,8,9
99,8,6
100,8,6
101,8,6
102,8,3
103,8,3
104,8,3
105,8,16
106,8,16
107,8,16
108,8,6
109,8,6
110,8,6
111,8,3
112,8,3
113,8,3
114,8,16
115,8,16
116,8,16
117,8,6
118,8,6
119,8,6
120,8,3
121,8,3
122,8,3
123,8,16
124,8,16
125,8,16
126,8,6
127,8,6
128,8,6
129,8,3
130,8,3
131,8,3
132,8,13
133,8,13
134,8,13
135,8,3
136,8,3
137,8,3
138,8,13
139,8,13
140,8,13
141,8,3
142,8,3
143,8,3
144,8,13
145,8,13
146,8,13
147,8,3
148,8,3
149,8,3
150,8,10
151,8,10
152,8,10
153,8,10
154,8,10
155,8,10
156,8,10
157,8,10
158,8,10
159,8,7
160,8,4
161,8,4
162,8,4
163,8,4
10,9,2
11,9,2
12,9,2
14,9,24
16,9,24
17,9,2
18,9,2
20,9,24
21,9,2
22,9,2
24,9,22
26,9,22
28,9,22
29,9,22
30,9,22
31,9,22
33,9,22
34,9,22
35,9,22
36,9,22
37,9,22
38,9,21
39,9,21
40,9,19
41,9,19
42,9,9
43,9,6
44,9,3
45,9,19
46,9,19
47,9,19
48,9,9
49,9,9
50,9,9
51,9,6
52,9,6
53,9,6
54,9,3
55,9,3
56,9,3
57,9,19
58,9,19
59,9,19
60,9,9
61,9,9
62,9,9
63,9,6
64,9,6
65,9,6
66,9,3
67,9,3
68,9,3
69,9,19
70,9,19
71,9,19
72,9,9
73,9,9
74,9,9
75,9,6
76,9,6
77,9,6
78,9,3
79,9,3
80,9,3
81,9,19
82,9,19
83,9,19
84,9,9
85,9,9
86,9,9
87,9,6
88,9,6
89,9,6
90,9,3
91,9,3
92,9,3
93,9,19
94,9,19
95,9,19
96,9,9
97,9,9
98,9,9
99,9,6
100,9,6
101,9,6
102,9,3
103,9,3
104,9,3
105,9,16
106,9,16
107,9,16
108,9,6
109,9,6
110,9,6
111,9,3
112,9,3
113,9,3
114,9,16
115,9,16
116,9,16
117,9,6
118,9,6
119,9,6
120,9,3
121,9,3
122,9,3
123,9,16
124,9,16
125,9,16
126,9,6
127,9,6
128,9,6
129,9,3
130,9,3
131,9,3
132,9,13
133,9,13
134,9,13
135,9,3
136,9,3
137,9,3
138,9,13
139,9,13
140,9,13
141,9,3
142,9,3
143,9,3
144,9,13
145,9,13
146,9,13
147,9,3
148,9,3
149,9,3
150,9,10
151,9,10
152,9,10
153,9,10
154,9,10
155,9,10
156,9,10
157,9,10
158,9,10
159,9,7
160,9,4
161,9,4
162,9,4
163,9,4
11,10,2
12,10,2
12,11,2
14,13,24
15,13,24
16,13,24
17,13,2
18,13,2
19,13,24
20,13,24
21,13,2
22,13,2
23,13,22
24,13,22
25,13,22
26,13,22
27,13,22
28,13,22
29,13,22
30,13,22
31,13,22
32,13,22
33,13,22
34,13,22
35,13,22
36,13,22
37,13,22
38,13,21
39,13,21
40,13,19
41,13,19
42,13,9
43,13,6
44,13,3
45,13,19
46,13,19
47,13,19
48,13,9
49,13,9
50,13,9
51,13,6
52,13,6
53,13,6
54,13,3
55,13,3
56,13,3
57,13,19
58,13,19
59,13,19
60,13,9
61,13,9
62,13,9
63,13,6
64,13,6
65,13,6
66,13,3
67,13,3
68,13,3
69,13,19
70,13,19
71,13,19
72,13,9
73,13,9
74,13,9
75,13,6
76,13,6
77,13,6
78,13,3
79,13,3
80,13,3
81,13,19
82,13,19
83,13,19
84,13,9
85,13,9
86,13,9
87,13,6
88,13,6
89,13,6
90,13,3
91,13,3
92,13,3
93,13,19
94,13,19
95,13,19
96,13,9
97,13,9
98,13,9
99,13,6
100,13,6
101,13,6
102,13,3
103,13,3
104,13,3
105,13,16
106,13,16
107,13,16
108,13,6
109,13,6
110,13,6
111,13,3
112,13,3
113,13,3
114,13,16
115,13,16
116,13,16
117,13,6
118,13,6
119,13,6
120,13,3
121,13,3
122,13,3
123,13,16
124,13,16
125,13,16
126,13,6
127,13,6
128,13,6
129,13,3
130,13,3
131,13,3
132,13,13
133,13,13
134,13,13
135,13,3
136,13,3
137,13,3
138,13,13
139,13,13
140,13,13
141,13,3
142,13,3
143,13,3
144,13,13
145,13,13
146,13,13
147,13,3
148,13,3
149,13,3
150,13,10
151,13,10
152,13,10
153,13,10
154,13,10
155,13,10
156,13,10
157,13,10
158,13,10
159,13,7
160,13,4
161,13,4
162,13,4
163,13,4
16,14,24
17,14,2
18,14,2
20,14,24
21,14,2
22,14,2
24,14,22
26,14,22
28,14,22
29,14,22
30,14,22
31,14,22
33,14,22
34,14,22
35,14,22
36,14,22
37,14,22
38,14,21
39,14,21
40,14,19
41,14,19
42,14,9
43,14,6
44,14,3
45,14,19
46,14,19
47,14,19
48,14,9
49,14,9
50,14,9
51,14,6
52,14,6
53,14,6
54,14,3
55,14,3
56,14,3
57,14,19
58,14,19
59,14,19
60,14,9
61,14,9
62,14,9
63,14,6
64,14,6
65,14,6
66,14,3
67,14,3
68,14,3
69,14,19
70,14,19
71,14,19
72,14,9
73,14,9
74,14,9
75,14,6
76,14,6
77,14,6
78,14,3
79,14,3
80,14,3
81,14,19
82,14,19
83,14,19
84,14,9
85,14,9
86,14,9
87,14,6
88,14,6
89,14,6
90,14,3
91,14,3
92,14,3
93,14,19
94,14,19
95,14,19
96,14,9
97,14,9
98,14,9
99,14,6
100,14,6
101,14,6
102,14,3
103,14,3
104,14,3
105,14,16
106,14,16
107,14,16
108,14,6
109,14,6
110,14,6
111,14,3
112,14,3
113,14,3
114,14,16
115,14,16
116,14,16
117,14,6
118,14,6
119,14,6
120,14,3
121,14,3
122,14,3
123,14,16
124,14,16
125,14,16
126,14,6
127,14,6
128,14,6
129,14,3
130,14,3
131,14,3
132,14,13
133,14,13
134,14,13
135,14,3
136,14,3
137,14,3
138,14,13
139,14,13
140,14,13
141,14,3
142,14,3
143,14,3
144,14,13
145,14,13
146,14,13
147,14,3
148,14,3
149,14,3
150,14,10
151,14,10
152,14,10
153,14,10
154,14,10
155,14,10
156,14,10
157,14,10
158,14,10
159,14,7
160,14,4
161,14,4
162,14,4
163,14,4
16,15,24
17,15,2
18,15,2
19,15,24
20,15,24
21,15,2
22,15,2
23,15,22
24,15,22
25,15,22
26,15,22
27,15,22
28,15,22
29,15,22
30,15,22
31,15,22
32,15,22
33,15,22
34,15,22
35,15,22
36,15,22
37,15,22
38,15,21
39,15,21
40,15,19
41,15,19
42,15,9
43,15,6
44,15,3
45,15,19
46,15,19
47,15,19
48,15,9
49,15,9
50,15,9
51,15,6
52,15,6
53,15,6
54,15,3
55,15,3
56,15,3
57,15,19
58,15,19
59,15,19
60,15,9
61,15,9
62,15,9
63,15,6
64,15,6
65,15,6
66,15,3
67,15,3
68,15,3
69,15,19
70,15,19
71,15,19
72,15,9
73,15,9
74,15,9
75,15,6
76,15,6
77,15,6
78,15,3
79,15,3
80,15,3
81,15,19
82,15,19
83,15,19
84,15,9
85,15,9
86,15,9
87,15,6
88,15,6
89,15,6
90,15,3
91,15,3
92,15,3
93,15,19
94,15,19
95,15,19
96,15,9
97,15,9
98,15,9
99,15,6
100,15,6
101,15,6
102,15,3
103,15,3
104,15,3
105,15,16
106,15,16
107,15,16
108,15,6
109,15,6
110,15,6
111,15,3
112,15,3
113,15,3
114,15,16
115,15,16
116,15,16
117,15,6
118,15,6
119,15,6
120,15,3
121,15,3
122,15,3
123,15,16
124,15,16
125,15,16
126,15,6
127,15,6
128,15,6
129,15,3
130,15,3
131,15,3
132,15,13
133,15,13
134,15,13
135,15,3
136,15,3
137,15,3
138,15,13
139,15,13
140,15,13
141,15,3
142,15,3
143,15,3
144,15,13
145,15,13
146,15,13
147,15,3
148,15,3
149,15,3
150,15,10
151,15,10
152,15,10
153,15,10
154,15,10
155,15,10
156,15,10
157,15,10
158,15,10
159,15,7
160,15,4
161,15,4
162,15,4
163,15,4
17,16,2
18,16,2
20,16,24
21,16,2
22,16,2
24,16,22
26,16,22
28,16,22
29,16,22
30,16,22
31,16,22
33,16,22
34,16,22
35,16,22
36,16,22
37,16,22
38,16,21
39,16,21
40,16,19
41,16,19
42,16,9
43,16,6
44,16,3
45,16,19
46,16,19
47,16,19
48,16,9
49,16,9
50,16,9
51,16,6
52,16,6
53,16,6
54,16,3
55,16,3
56,16,3
57,16,19
58,16,19
59,16,19
60,16,9
61,16,9
62,16,9
63,16,6
64,16,6
65,16,6
66,16,3
67,16,3
68,16,3
69,16,19
70,16,19
71,16,19
72,16,9
73,16,9
74,16,9
75,16,6
76,16,6
77,16,6
78,16,3
79,16,3
80,16,3
81,16,19
82,16,19
83,16,19
84,16,9
85,16,9
86,16,9
87,16,6
88,16,6
89,16,6
90,16,3
91,16,3
92,16,3
93,16,19
94,16,19
95,16,19
96,16,9
97,16,9
98,16,9
99,16,6
100,16,6
101,16,6
102,16,3
103,16,3
104,16,3
105,16,16
106,16,16
107,16,16
108,16,6
109,16,6
110,16,6
111,16,3
112,16,3
113,16,3
114,16,16
115,16,16
116,16,16
117,16,6
118,16,6
119,16,6
120,16,3
121,16,3
122,16,3
123,16,16
124,16,16
125,16,16
126,16,6
127,16,6
128,16,6
129,16,3
130,16,3
131,16,3
132,16,13
133,16,13
134,16,13
135,16,3
136,16,3
137,16,3
138,16,13
139,16,13
140,16,13
141,16,3
142,16,3
143,16,3
144,16,13
145,16,13
146,16,13
147,16,3
148,16,3
149,16,3
150,16,10
151,16,10
152,16,10
153,16,10
154,16,10
155,16,10
156,16,10
157,16,10
158,16,10
159,16,7
160,16,4
161,16,4
162,16,4
163,16,4
18,17,2
21,17,2
22,17,2
22,18,2
20,19,24
21,19,2
22,19,2
23,19,22
24,19,22
25,19,22
26,19,22
27,19,22
28,19,22
29,19,22
30,19,22
31,19,22
32,19,22
33,19,22
34,19,22
35,19,22
36,19,22
37,19,22
38,19,21
39,19,21
40,19,19
41,19,19
42,19,9
43,19,6
44,19,3
45,19,19
46,19,19
47,19,19
48,19,9
49,19,9
50,19,9
51,19,6
52,19,6
53,19,6
54,19,3
55,19,3
56,19,3
57,19,19
58,19,19
59,19,19
60,19,9
61,19,9
62,19,9
63,19,6
64,19,6
65,19,6
66,19,3
67,19,3
68,19,3
69,19,19
70,19,19
71,19,19
72,19,9
73,19,9
74,19,9
75,19,6
76,19,6
77,19,6
78,19,3
79,19,3
80,19,3
81,19,19
82,19,19
83,19,19
84,19,9
85,19,9
86,19,9
87,19,6
88,19,6
89,19,6
90,19,3
91,19,3
92,19,3
93,19,19
94,19,19
95,19,19
96,19,9
97,19,9
98,19,9
99,19,6
100,19,6
101,19,6
102,19,3
103,19,3
104,19,3
105,19,16
106,19,16
107,19,16
108,19,6
109,19,6
110,19,6
111,19,3
112,19,3
113,19,3
114,19,16
115,19,16
116,19,16
117,19,6
118,19,6
119,19,6
120,19,3
121,19,3
122,19,3
123,19,16
124,19,16
125,19,16
126,19,6
127,19,6
128,19,6
129,19,3
130,19,3
131,19,3
132,19,13
133,19,13
134,19,13
135,19,3
136,19,3
137,19,3
138,19,13
139,19,13
140,19,13
141,19,3
142,19,3
143,19,3
144,19,13
145,19,13
146,19,13
147,19,3
148,19,3
149,19,3
150,19,10
151,19,10
152,19,10
153,19,10
154,19,10
155,19,10
156,19,10
157,19,10
158,19,10
159,19,7
160,19,4
161,19,4
162,19,4
163,19,4
21,20,2
22,20,2
24,20,22
26,20,22
28,20,22
29,20,22
30,20,22
31,20,22
33,20,22
34,20,22
35,20,22
36,20,22
37,20,22
38,20,21
39,20,21
40,20,19
41,20,19
42,20,9
43,20,6
44,20,3
45,20,19
46,20,19
47,20,19
48,20,9
49,20,9
50,20,9
51,20,6
52,20,6
53,20,6
54,20,3
55,20,3
56,20,3
57,20,19
58,20,19
59,20,19
60,20,9
61,20,9
62,20,9
63,20,6
64,20,6
65,20,6
66,20,3
67,20,3
68,20,3
69,20,19
70,20,19
71,20,19
72,20,9
73,20,9
74,20,9
75,20,6
76,20,6
77,20,6
78,20,3
79,20,3
80,20,3
81,20,19
82,20,19
83,20,19
84,20,9
85,20,9
86,20,9
87,20,6
88,20,6
89,20,6
90,20,3
91,20,3
92,20,3
93,20,19
94,20,19
95,20,19
96,20,9
97,20,9
98,20,9
99,20,6
100,20,6
101,20,6
102,20,3
103,20,3
104,20,3
105,20,16
106,20,16
107,20,16
108,20,6
109,20,6
110,20,6
111,20,3
112,20,3
113,20,3
114,20,16
115,20,16
116,20,16
117,20,6
118,20,6
119,20,6
120,20,3
121,20,3
122,20,3
123,20,16
124,20,16
125,20,16
126,20,6
127,20,6
128,20,6
129,20,3
130,20,3
131,20,3
132,20,13
133,20,13
134,20,13
135,20,3
136,20,3
137,20,3
138,20,13
139,20,13
140,20,13
141,20,3
142,20,3
143,20,3
144,20,13
145,20,13
146,20,13
147,20,3
148,20,3
149,20,3
150,20,10
151,20,10
152,20,10
153,20,10
154,20,10
155,20,10
156,20,10
157,20,10
158,20,10
159,20,7
160,20,4
161,20,4
162,20,4
163,20,4
22,21,2
24,23,22
25,23,22
26,23,22
27,23,22
28,23,22
29,23,22
30,23,22
31,23,22
32,23,22
33,23,22
34,23,22
35,23,22
36,23,22
37,23,22
38,23,21
39,23,21
40,23,19
41,23,19
42,23,9
43,23,6
44,23,3
45,23,19
46,23,19
47,23,19
48,23,9
49,23,9
50,23,9
51,23,6
52,23,6
53,23,6
54,23,3
55,23,3
56,23,3
57,23,19
58,23,19
59,23,19
60,23,9
61,23,9
62,23,9
63,23,6
64,23,6
65,23,6
66,23,3
67,23,3
68,23,3
69,23,19
70,23,19
71,23,19
72,23,9
73,23,9
74,23,9
75,23,6
76,23,6
77,23,6
78,23,3
79,23,3
80,23,3
81,23,19
82,23,19
83,23,19
84,23,9
85,23,9
86,23,9
87,23,6
88,23,6
89,23,6
90,23,3
91,23,3
92,23,3
93,23,19
94,23,19
95,23,19
96,23,9
97,23,9
98,23,9
99,23,6
100,23,6
101,23,6
102,23,3
103,23,3
104,23,3
105,23,16
106,23,16
107,23,16
108,23,6
109,23,6
110,23,6
111,23,3
112,23,3
113,23,3
114,23,16
115,23,16
116,23,16
117,23,6
118,23,6
119,23,6
120,23,3
121,23,3
122,23,3
123,23,16
124,23,16
125,23,16
126,23,6
127,23,6
128,23,6
129,23,3
130,23,3
131,23,3
132,23,13
133,23,13
134,23,13
135,23,3
136,23,3
137,23,3
138,23,13
139,23,13
140,23,13
141,23,3
142,23,3
143,23,3
144,23,13
145,23,13
146,23,13
147,23,3
148,23,3
149,23,3
150,23,10
151,23,10
152,23,10
153,23,10
154,23,10
155,23,10
156,23,10
157,23,10
158,23,10
159,23,7
160,23,4
161,23,4
162,23,4
163,23,4
26,24,22
28,24,22
29,24,22
30,24,22
31,24,22
33,24,22
34,24,22
35,24,22
36,24,22
37,24,22
38,24,21
39,24,21
40,24,19
41,24,19
42,24,9
43,24,6
44,24,3
45,24,19
46,24,19
47,24,19
48,24,9
49,24,9
50,24,9
51,24,6
52,24,6
53,24,6
54,24,3
55,24,3
56,24,3
57,24,19
58,24,19
59,24,19
60,24,9
61,24,9
62,24,9
63,24,6
64,24,6
65,24,6
66,24,3
67,24,3
68,24,3
69,24,19
70,24,19
71,24,19
72,24,9
73,24,9
74,24,9
75,24,6
76,24,6
77,24,6
78,24,3
79,24,3
80,24,3
81,24,19
82,24,19
83,24,19
84,24,9
85,24,9
86,24,9
87,24,6
88,24,6
89,24,6
90,24,3
91,24,3
92,24,3
93,24,19
94,24,19
95,24,19
96,24,9
97,24,9
98,24,9
99,24,6
100,24,6
101,24,6
102,24,3
103,24,3
104,24,3
105,24,16
106,24,16
107,24,16
108,24,6
109,24,6
110,24,6
111,24,3
112,24,3
113,24,3
114,24,16
115,24,16
116,24,16
117,24,6
118,24,6
119,24,6
120,24,3
121,24,3
122,24,3
123,24,16
124,24,16
125,24,16
126,24,6
127,24,6
128,24,6
129,24,3
130,24,3
131,24,3
132,24,13
133,24,13
134,24,13
135,24,3
136,24,3
137,24,3
138,24,13
139,24,13
140,24,13
141,24,3
142,24,3
143,24,3
144,24,13
145,24,13
146,24,13
147,24,3
148,24,3
149,24,3
150,24,10
151,24,10
152,24,10
153,24,10
154,24,10
155,24,10
156,24,10
157,24,10
158,24,10
159,24,7
160,24,4
161,24,4
162,24,4
163,24,4
26,25,22
27,25,22
28,25,22
29,25,22
30,25,22
31,25,22
32,25,22
33,25,22
34,25,22
35,25,22
36,25,22
37,25,22
38,25,21
39,25,21
40,25,19
41,25,19
42,25,9
43,25,6
44,25,3
45,25,19
46,25,19
47,25,19
48,25,9
49,25,9
50,25,9
51,25,6
52,25,6
53,25,6
54,25,3
55,25,3
56,25,3
57,25,19
58,25,19
59,25,19
60,25,9
61,25,9
62,25,9
63,25,6
64,25,6
65,25,6
66,25,3
67,25,3
68,25,3
69,25,19
70,25,19
71,25,19
72,25,9
73,25,9
74,25,9
75,25,6
76,25,6
77,25,6
78,25,3
79,25,3
80,25,3
81,25,19
82,25,19
83,25,19
84,25,9
85,25,9
86,25,9
87,25,6
88,25,6
89,25,6
90,25,3
91,25,3
92,25,3
93,25,19
94,25,19
95,25,19
96,25,9
97,25,9
98,25,9
99,25,6
100,25,6
101,25,6
102,25,3
103,25,3
104,25,3
105,25,16
106,25,16
107,25,16
108,25,6
109,25,6
110,25,6
111,25,3
112,25,3
113,25,3
114,25,16
115,25,16
116,25,16
117,25,6
118,25,6
119,25,6
120,25,3
121,25,3
122,25,3
123,25,16
124,25,16
125,25,16
126,25,6
127,25,6
128,25,6
129,25,3
130,25,3
131,25,3
132,25,13
133,25,13
134,25,13
135,25,3
136,25,3
137,25,3
138,25,13
139,25,13
140,25,13
141,25,3
142,25,3
143,25,3
144,25,13
145,25,13
146,25,13
147,25,3
148,25,3
149,25,3
150,25,10
151,25,10
152,25,10
153,25,10
154,25,10
155,25,10
156,25,10
157,25,10
158,25,10
159,25,7
160,25,4
161,25,4
162,25,4
163,25,4
28,26,22
29,26,22
30,26,22
31,26,22
33,26,22
34,26,22
35,26,22
36,26,22
37,26,22
38,26,21
39,26,21
40,26,19
41,26,19
42,26,9
43,26,6
44,26,3
45,26,19
46,26,19
47,26,19
48,26,9
49,26,9
50,26,9
51,26,6
52,26,6
53,26,6
54,26,3
55,26,3
56,26,3
57,26,19
58,26,19
59,26,19
60,26,9
61,26,9
62,26,9
63,26,6
64,26,6
65,26,6
66,26,3
67,26,3
68,26,3
69,26,19
70,26,19
71,26,19
72,26,9
73,26,9
74,26,9
75,26,6
76,26,6
77,26,6
78,26,3
79,26,3
80,26,3
81,26,19
82,26,19
83,26,19
84,26,9
85,26,9
86,26,9
87,26,6
88,26,6
89,26,6
90,26,3
91,26,3
92,26,3
93,26,19
94,26,19
95,26,19
96,26,9
97,26,9
98,26,9
99,26,6
100,26,6
101,26,6
102,26,3
103,26,3
104,26,3
105,26,16
106,26,16
107,26,16
108,26,6
109,26,6
110,26,6
111,26,3
112,26,3
113,26,3
114,26,16
115,26,16
116,26,16
117,26,6
118,26,6
119,26,6
120,26,3
121,26,3
122,26,3
123,26,16
124,26,16
125,26,16
126,26,6
127,26,6
128,26,6
129,26,3
130,26,3
131,26,3
132,26,13
133,26,13
134,26,13
135,26,3
136,26,3
137,26,3
138,26,13
139,26,13
140,26,13
141,26,3
142,26,3
143,26,3
144,26,13
145,26,13
146,26,13
147,26,3
148,26,3
149,26,3
150,26,10
151,26,10
152,26,10
153,26,10
154,26,10
155,26,10
156,26,10
157,26,10
158,26,10
159,26,7
160,26,4
161,26,4
162,26,4
163,26,4
28,27,22
29,27,22
30,27,22
31,27,22
32,27,22
33,27,22
34,27,22
35,27,22
36,27,22
37,27,22
38,27,21
39,27,21
40,27,19
41,27,19
42,27,9
43,27,6
44,27,3
45,27,19
46,27,19
47,27,19
48,27,9
49,27,9
50,27,9
51,27,6
52,27,6
53,27,6
54,27,3
55,27,3
56,27,3
57,27,19
58,27,19
59,27,19
60,27,9
61,27,9
62,27,9
63,27,6
64,27,6
65,27,6
66,27,3
67,27,3
68,27,3
69,27,19
70,27,19
71,27,19
72,27,9
73,27,9
74,27,9
75,27,6
76,27,6
77,27,6
78,27,3
79,27,3
80,27,3
81,27,19
82,27,19
83,27,19
84,27,9
85,27,9
86,27,9
87,27,6
88,27,6
89,27,6
90,27,3
91,27,3
92,27,3
93,27,19
94,27,19
95,27,19
96,27,9
97,27,9
98,27,9
99,27,6
100,27,6
101,27,6
102,27,3
103,27,3
104,27,3
105,27,16
106,27,16
107,27,16
108,27,6
109,27,6
110,27,6
111,27,3
112,27,3
113,27,3
114,27,16
115,27,16
116,27,16
117,27,6
118,27,6
119,27,6
120,27,3
121,27,3
122,27,3
123,27,16
124,27,16
125,27,16
126,27,6
127,27,6
128,27,6
129,27,3
130,27,3
131,27,3
132,27,13
133,27,13
134,27,13
135,27,3
136,27,3
137,27,3
138,27,13
139,27,13
140,27,13
141,27,3
142,27,3
143,27,3
144,27,13
145,27,13
146,27,13
147,27,3
148,27,3
149,27,3
150,27,10
151,27,10
152,27,10
153,27,10
154,27,10
155,27,10
156,27,10
157,27,10
158,27,10
159,27,7
160,27,4
161,27,4
162,27,4
163,27,4
29,28,22
30,28,22
31,28,22
33,28,22
34,28,22
35,28,22
36,28,22
37,28,22
38,28,21
39,28,21
40,28,19
41,28,19
42,28,9
43,28,6
44,28,3
45,28,19
46,28,19
47,28,19
48,28,9
49,28,9
50,28,9
51,28,6
52,28,6
53,28,6
54,28,3
55,28,3
56,28,3
57,28,19
58,28,19
59,28,19
60,28,9
61,28,9
62,28,9
63,28,6
64,28,6
65,28,6
66,28,3
67,28,3
68,28,3
69,28,19
70,28,19
71,28,19
72,28,9
73,28,9
74,28,9
75,28,6
76,28,6
77,28,6
78,28,3
79,28,3
80,28,3
81,28,19
82,28,19
83,28,19
84,28,9
85,28,9
86,28,9
87,28,6
88,28,6
89,28,6
90,28,3
91,28,3
92,28,3
93,28,19
94,28,19
95,28,19
96,28,9
97,28,9
98,28,9
99,28,6
100,28,6
101,28,6
102,28,3
103,28,3
104,28,3
105,28,16
106,28,16
107,28,16
108,28,6
109,28,6
110,28,6
111,28,3
112,28,3
113,28,3
114,28,16
115,28,16
116,28,16
117,28,6
118,28,6
119,28,6
120,28,3
121,28,3
122,28,3
123,28,16
124,28,16
125,28,16
126,28,6
127,28,6
128,28,6
129,28,3
130,28,3
131,28,3
132,28,13
133,28,13
134,28,13
135,28,3
136,28,3
137,28,3
138,28,13
139,28,13
140,28,13
141,28,3
142,28,3
143,28,3
144,28,13
145,28,13
146,28,13
147,28,3
148,28,3
149,28,3
150,28,10
151,28,10
152,28,10
153,28,10
154,28,10
155,28,10
156,28,10
157,28,10
158,28,10
159,28,7
160,28,4
161,28,4
162,28,4
163,28,4
30,29,22
31,29,22
34,29,22
35,29,22
36,29,22
37,29,22
38,29,21
39,29,21
40,29,19
41,29,19
42,29,9
43,29,6
44,29,3
45,29,19
46,29,19
47,29,19
48,29,9
49,29,9
50,29,9
51,29,6
52,29,6
53,29,6
54,29,3
55,29,3
56,29,3
57,29,19
58,29,19
59,29,19
60,29,9
61,29,9
62,29,9
63,29,6
64,29,6
65,29,6
66,29,3
67,29,3
68,29,3
69,29,19
70,29,19
71,29,19
72,29,9
73,29,9
74,29,9
75,29,6
76,29,6
77,29,6
78,29,3
79,29,3
80,29,3
81,29,19
82,29,19
83,29,19
84,29,9
85,29,9
86,29,9
87,29,6
88,29,6
89,29,6
90,29,3
91,29,3
92,29,3
93,29,19
94,29,19
95,29,19
96,29,9
97,29,9
98,29,9
99,29,6
100,29,6
101,29,6
102,29,3
103,29,3
104,29,3
105,29,16
106,29,16
107,29,16
108,29,6
109,29,6
110,29,6
111,29,3
112,29,3
113,29,3
114,29,16
115,29,16
116,29,16
117,29,6
118,29,6
119,29,6
120,29,3
121,29,3
122,29,3
123,29,16
124,29,16
125,29,16
126,29,6
127,29,6
128,29,6
129,29,3
130,29,3
131,29,3
132,29,13
133,29,13
134,29,13
135,29,3
136,29,3
137,29,3
138,29,13
139,29,13
140,29,13
141,29,3
142,29,3
143,29,3
144,29,13
145,29,13
146,29,13
147,29,3
148,29,3
149,29,3
150,29,10
151,29,10
152,29,10
153,29,10
154,29,10
155,29,10
156,29,10
157,29,10
158,29,10
159,29,7
160,29,4
161,29,4
162,29,4
163,29,4
31,30,22
35,30,22
36,30,22
37,30,22
38,30,21
39,30,21
40,30,19
41,30,19
42,30,9
43,30,6
44,30,3
45,30,19
46,30,19
47,30,19
48,30,9
49,30,9
50,30,9
51,30,6
52,30,6
53,30,6
54,30,3
55,30,3
56,30,3
57,30,19
58,30,19
59,30,19
60,30,9
61,30,9
62,30,9
63,30,6
64,30,6
65,30,6
66,30,3
67,30,3
68,30,3
69,30,19
70,30,19
71,30,19
72,30,9
73,30,9
74,30,9
75,30,6
76,30,6
77,30,6
78,30,3
79,30,3
80,30,3
81,30,19
82,30,19
83,30,19
84,30,9
85,30,9
86,30,9
87,30,6
88,30,6
89,30,6
90,30,3
91,30,3
92,30,3
93,30,19
94,30,19
95,30,19
96,30,9
97,30,9
98,30,9
99,30,6
100,30,6
101,30,6
102,30,3
103,30,3
104,30,3
105,30,16
106,30,16
107,30,16
108,30,6
109,30,6
110,30,6
111,30,3
112,30,3
113,30,3
114,30,16
115,30,16
116,30,16
117,30,6
118,30,6
119,30,6
120,30,3
121,30,3
122,30,3
123,30,16
124,30,16
125,30,16
126,30,6
127,30,6
128,30,6
129,30,3
130,30,3
131,30,3
132,30,13
133,30,13
134,30,13
135,30,3
136,30,3
137,30,3
138,30,13
139,30,13
140,30,13
141,30,3
142,30,3
143,30,3
144,30,13
145,30,13
146,30,13
147,30,3
148,30,3
149,30,3
150,30,10
151,30,10
152,30,10
153,30,10
154,30,10
155,30,10
156,30,10
157,30,10
158,30,10
159,30,7
160,30,4
161,30,4
162,30,4
163,30,4
37,31,22
38,31,21
39,31,21
40,31,19
41,31,19
42,31,9
43,31,6
44,31,3
45,31,19
46,31,19
47,31,19
48,31,9
49,31,9
50,31,9
51,31,6
52,31,6
53,31,6
54,31,3
55,31,3
56,31,3
57,31,19
58,31,19
59,31,19
60,31,9
61,31,9
62,31,9
63,31,6
64,31,6
65,31,6
66,31,3
67,31,3
68,31,3
69,31,19
70,31,19
71,31,19
72,31,9
73,31,9
74,31,9
75,31,6
76,31,6
77,31,6
78,31,3
79,31,3
80,31,3
81,31,19
82,31,19
83,31,19
84,31,9
85,31,9
86,31,9
87,31,6
88,31,6
89,31,6
90,31,3
91,31,3
92,31,3
93,31,19
94,31,19
95,31,19
96,31,9
97,31,9
98,31,9
99,31,6
100,31,6
101,31,6
102,31,3
103,31,3
104,31,3
105,31,16
106,31,16
107,31,16
108,31,6
109,31,6
110,31,6
111,31,3
112,31,3
113,31,3
114,31,16
115,31,16
116,31,16
117,31,6
118,31,6
119,31,6
120,31,3
121,31,3
122,31,3
123,31,16
124,31,16
125,31,16
126,31,6
127,31,6
128,31,6
129,31,3
130,31,3
131,31,3
132,31,13
133,31,13
134,31,13
135,31,3
136,31,3
137,31,3
138,31,13
139,31,13
140,31,13
141,31,3
142,31,3
143,31,3
144,31,13
145,31,13
146,31,13
147,31,3
148,31,3
149,31,3
150,31,10
151,31,10
152,31,10
153,31,10
154,31,10
155,31,10
156,31,10
157,31,10
158,31,10
159,31,7
160,31,4
161,31,4
162,31,4
163,31,4
33,32,22
34,32,22
35,32,22
36,32,22
37,32,22
38,32,21
39,32,21
40,32,19
41,32,19
42,32,9
43,32,6
44,32,3
45,32,19
46,32,19
47,32,19
48,32,9
49,32,9
50,32,9
51,32,6
52,32,6
53,32,6
54,32,3
55,32,3
56,32,3
57,32,19
58,32,19
59,32,19
60,32,9
61,32,9
62,32,9
63,32,6
64,32,6
65,32,6
66,32,3
67,32,3
68,32,3
69,32,19
70,32,19
71,32,19
72,32,9
73,32,9
74,32,9
75,32,6
76,32,6
77,32,6
78,32,3
79,32,3
80,32,3
81,32,19
82,32,19
83,32,19
84,32,9
85,32,9
86,32,9
87,32,6
88,32,6
89,32,6
90,32,3
91,32,3
92,32,3
93,32,19
94,32,19
95,32,19
96,32,9
97,32,9
98,32,9
99,32,6
100,32,6
101,32,6
102,32,3
103,32,3
104,32,3
105,32,16
106,32,16
107,32,16
108,32,6
109,32,6
110,32,6
111,32,3
112,32,3
113,32,3
114,32,16
115,32,16
116,32,16
117,32,6
118,32,6
119,32,6
120,32,3
121,32,3
122,32,3
123,32,16
124,32,16
125,32,16
126,32,6
127,32,6
128,32,6
129,32,3
130,32,3
131,32,3
132,32,13
133,32,13
134,32,13
135,32,3
136,32,3
137,32,3
138,32,13
139,32,13
140,32,13
141,32,3
142,32,3
143,32,3
144,32,13
145,32,13
146,32,13
147,32,3
148,32,3
149,32,3
150,32,10
151,32,10
152,32,10
153,32,10
154,32,10
155,32,10
156,32,10
157,32,10
158,32,10
159,32,7
160,32,4
161,32,4
162,32,4
163,32,4
34,33,22
35,33,22
36,33,22
37,33,22
38,33,21
39,33,21
40,33,19
41,33,19
42,33,9
43,33,6
44,33,3
45,33,19
46,33,19
47,33,19
48,33,9
49,33,9
50,33,9
51,33,6
52,33,6
53,33,6
54,33,3
55,33,3
56,33,3
57,33,19
58,33,19
59,33,19
60,33,9
61,33,9
62,33,9
63,33,6
64,33,6
65,33,6
66,33,3
67,33,3
68,33,3
69,33,19
70,33,19
71,33,19
72,33,9
73,33,9
74,33,9
75,33,6
76,33,6
77,33,6
78,33,3
79,33,3
80,33,3
81,33,19
82,33,19
83,33,19
84,33,9
85,33,9
86,33,9
87,33,6
88,33,6
89,33,6
90,33,3
91,33,3
92,33,3
93,33,19
94,33,19
95,33,19
96,33,9
97,33,9
98,33,9
99,33,6
100,33,6
101,33,6
102,33,3
103,33,3
104,33,3
105,33,16
106,33,16
107,33,16
108,33,6
109,33,6
110,33,6
111,33,3
112,33,3
113,33,3
114,33,16
115,33,16
116,33,16
117,33,6
118,33,6
119,33,6
120,33,3
121,33,3
122,33,3
123,33,16
124,33,16
125,33,16
126,33,6
127,33,6
128,33,6
129,33,3
130,33,3
131,33,3
132,33,13
133,33,13
134,33,13
135,33,3
136,33,3
137,33,3
138,33,13
139,33,13
140,33,13
141,33,3
142,33,3
143,33,3
144,33,13
145,33,13
146,33,13
147,33,3
148,33,3
149,33,3
150,33,10
151,33,10
152,33,10
153,33,10
154,33,10
155,33,10
156,33,10
157,33,10
158,33,10
159,33,7
160,33,4
161,33,4
162,33,4
163,33,4
35,34,22
36,34,22
37,34,22
38,34,21
39,34,21
40,34,19
41,34,19
42,34,9
43,34,6
44,34,3
45,34,19
46,34,19
47,34,19
48,34,9
49,34,9
50,34,9
51,34,6
52,34,6
53,34,6
54,34,3
55,34,3
56,34,3
57,34,19
58,34,19
59,34,19
60,34,9
61,34,9
62,34,9
63,34,6
64,34,6
65,34,6
66,34,3
67,34,3
68,34,3
69,34,19
70,34,19
71,34,19
72,34,9
73,34,9
74,34,9
75,34,6
76,34,6
77,34,6
78,34,3
79,34,3
80,34,3
81,34,19
82,34,19
83,34,19
84,34,9
85,34,9
86,34,9
87,34,6
88,34,6
89,34,6
90,34,3
91,34,3
92,34,3
93,34,19
94,34,19
95,34,19
96,34,9
97,34,9
98,34,9
99,34,6
100,34,6
101,34,6
102,34,3
103,34,3
104,34,3
105,34,16
106,34,16
107,34,16
108,34,6
109,34,6
110,34,6
111,34,3
112,34,3
113,34,3
114,34,16
115,34,16
116,34,16
117,34,6
118,34,6
119,34,6
120,34,3
121,34,3
122,34,3
123,34,16
124,34,16
125,34,16
126,34,6
127,34,6
128,34,6
129,34,3
130,34,3
131,34,3
132,34,13
133,34,13
134,34,13
135,34,3
136,34,3
137,34,3
138,34,13
139,34,13
140,34,13
141,34,3
142,34,3
143,34,3
144,34,13
145,34,13
146,34,13
147,34,3
148,34,3
149,34,3
150,34,10
151,34,10
152,34,10
153,34,10
154,34,10
155,34,10
156,34,10
157,34,10
158,34,10
159,34,7
160,34,4
161,34,4
162,34,4
163,34,4
36,35,22
37,35,22
38,35,21
39,35,21
40,35,19
41,35,19
42,35,9
43,35,6
44,35,3
45,35,19
46,35,19
47,35,19
48,35,9
49,35,9
50,35,9
51,35,6
52,35,6
53,35,6
54,35,3
55,35,3
56,35,3
57,35,19
58,35,19
59,35,19
60,35,9
61,35,9
62,35,9
63,35,6
64,35,6
65,35,6
66,35,3
67,35,3
68,35,3
69,35,19
70,35,19
71,35,19
72,35,9
73,35,9
74,35,9
75,35,6
76,35,6
77,35,6
78,35,3
79,35,3
80,35,3
81,35,19
82,35,19
83,35,19
84,35,9
85,35,9
86,35,9
87,35,6
88,35,6
89,35,6
90,35,3
91,35,3
92,35,3
93,35,19
94,35,19
95,35,19
96,35,9
97,35,9
98,35,9
99,35,6
100,35,6
101,35,6
102,35,3
103,35,3
104,35,3
105,35,16
106,35,16
107,35,16
108,35,6
109,35,6
110,35,6
111,35,3
112,35,3
113,35,3
114,35,16
115,35,16
116,35,16
117,35,6
118,35,6
119,35,6
120,35,3
121,35,3
122,35,3
123,35,16
124,35,16
125,35,16
126,35,6
127,35,6
128,35,6
129,35,3
130,35,3
131,35,3
132,35,13
133,35,13
134,35,13
135,35,3
136,35,3
137,35,3
138,35,13
139,35,13
140,35,13
141,35,3
142,35,3
143,35,3
144,35,13
145,35,13
146,35,13
147,35,3
148,35,3
149,35,3
150,35,10
151,35,10
152,35,10
153,35,10
154,35,10
155,35,10
156,35,10
157,35,10
158,35,10
159,35,7
160,35,4
161,35,4
162,35,4
163,35,4
37,36,22
38,36,21
39,36,21
40,36,19
41,36,19
42,36,9
43,36,6
44,36,3
45,36,19
46,36,19
47,36,19
48,36,9
49,36,9
50,36,9
51,36,6
52,36,6
53,36,6
54,36,3
55,36,3
56,36,3
57,36,19
58,36,19
59,36,19
60,36,9
61,36,9
62,36,9
63,36,6
64,36,6
65,36,6
66,36,3
67,36,3
68,36,3
69,36,19
70,36,19
71,36,19
72,36,9
73,36,9
74,36,9
75,36,6
76,36,6
77,36,6
78,36,3
79,36,3
80,36,3
81,36,19
82,36,19
83,36,19
84,36,9
85,36,9
86,36,9
87,36,6
88,36,6
89,36,6
90,36,3
91,36,3
92,36,3
93,36,19
94,36,19
95,36,19
96,36,9
97,36,9
98,36,9
99,36,6
100,36,6
101,36,6
102,36,3
103,36,3
104,36,3
105,36,16
106,36,16
107,36,16
108,36,6
109,36,6
110,36,6
111,36,3
112,36,3
113,36,3
114,36,16
115,36,16
116,36,16
117,36,6
118,36,6
119,36,6
120,36,3
121,36,3
122,36,3
123,36,16
124,36,16
125,36,16
126,36,6
127,36,6
128,36,6
129,36,3
130,36,3
131,36,3
132,36,13
133,36,13
134,36,13
135,36,3
136,36,3
137,36,3
138,36,13
139,36,13
140,36,13
141,36,3
142,36,3
143,36,3
144,36,13
145,36,13
146,36,13
147,36,3
148,36,3
149,36,3
150,36,10
151,36,10
152,36,10
153,36,10
154,36,10
155,36,10
156,36,10
157,36,10
158,36,10
159,36,7
160,36,4
161,36,4
162,36,4
163,36,4
38,37,21
39,37,21
40,37,19
41,37,19
42,37,9
43,37,6
44,37,3
45,37,19
46,37,19
47,37,19
48,37,9
49,37,9
50,37,9
51,37,6
52,37,6
53,37,6
54,37,3
55,37,3
56,37,3
57,37,19
58,37,19
59,37,19
60,37,9
61,37,9
62,37,9
63,37,6
64,37,6
65,37,6
66,37,3
67,37,3
68,37,3
69,37,19
70,37,19
71,37,19
72,37,9
73,37,9
74,37,9
75,37,6
76,37,6
77,37,6
78,37,3
79,37,3
80,37,3
81,37,19
82,37,19
83,37,19
84,37,9
85,37,9
86,37,9
87,37,6
88,37,6
89,37,6
90,37,3
91,37,3
92,37,3
93,37,19
94,37,19
95,37,19
96,37,9
97,37,9
98,37,9
99,37,6
100,37,6
101,37,6
102,37,3
103,37,3
104,37,3
105,37,16
106,37,16
107,37,16
108,37,6
109,37,6
110,37,6
111,37,3
112,37,3
113,37,3
114,37,16
115,37,16
116,37,16
117,37,6
118,37,6
119,37,6
120,37,3
121,37,3
122,37,3
123,37,16
124,37,16
125,37,16
126,37,6
127,37,6
128,37,6
129,37,3
130,37,3
131,37,3
132,37,13
133,37,13
134,37,13
135,37,3
136,37,3
137,37,3
138,37,13
139,37,13
140,37,13
141,37,3
142,37,3
143,37,3
144,37,13
145,37,13
146,37,13
147,37,3
148,37,3
149,37,3
150,37,10
151,37,10
152,37,10
153,37,10
154,37,10
155,37,10
156,37,10
157,37,10
158,37,10
159,37,7
160,37,4
161,37,4
162,37,4
163,37,4
39,38,14
40,38,13
41,38,13
42,38,6
43,38,4
44,38,2
45,38,13
46,38,13
47,38,13
48,38,6
49,38,6
50,38,6
51,38,4
52,38,4
53,38,4
54,38,2
55,38,2
56,38,2
57,38,13
58,38,13
59,38,13
60,38,6
61,38,6
62,38,6
63,38,4
64,38,4
65,38,4
66,38,2
67,38,2
68,38,2
69,38,13
70,38,13
71,38,13
72,38,6
73,38,6
74,38,6
75,38,4
76,38,4
77,38,4
78,38,2
79,38,2
80,38,2
81,38,13
82,38,13
83,38,13
84,38,6
85,38,6
86,38,6
87,38,4
88,38,4
89,38,4
90,38,2
91,38,2
92,38,2
93,38,13
94,38,13
95,38,13
96,38,6
97,38,6
98,38,6
99,38,4
100,38,4
101,38,4
102,38,2
103,38,2
104,38,2
105,38,11
106,38,11
107,38,11
108,38,4
109,38,4
110,38,4
111,38,2
112,38,2
113,38,2
114,38,11
115,38,11
116,38,11
117,38,4
118,38,4
119,38,4
120,38,2
121,38,2
122,38,2
123,38,11
124,38,11
125,38,11
126,38,4
127,38,4
128,38,4
129,38,2
130,38,2
131,38,2
132,38,9
133,38,9
134,38,9
135,38,2
136,38,2
137,38,2
138,38,9
139,38,9
140,38,9
141,38,2
142,38,2
143,38,2
144,38,9
145,38,9
146,38,9
147,38,2
148,38,2
149,38,2
150,38,7
151,38,7
152,38,7
153,38,7
154,38,7
155,38,7
156,38,7
157,38,7
158,38,7
159,38,5
160,38,3
161,38,3
162,38,3
163,38,3
40,39,13
41,39,13
42,39,6
43,39,4
44,39,2
45,39,13
46,39,13
47,39,13
48,39,6
49,39,6
50,39,6
51,39,4
52,39,4
53,39,4
54,39,2
55,39,2
56,39,2
57,39,13
58,39,13
59,39,13
60,39,6
61,39,6
62,39,6
63,39,4
64,39,4
65,39,4
66,39,2
67,39,2
68,39,2
69,39,13
70,39,13
71,39,13
72,39,6
73,39,6
74,39,6
75,39,4
76,39,4
77,39,4
78,39,2
79,39,2
80,39,2
81,39,13
82,39,13
83,39,13
84,39,6
85,39,6
86,39,6
87,39,4
88,39,4
89,39,4
90,39,2
91,39,2
92,39,2
93,39,13
94,39,13
95,39,13
96,39,6
97,39,6
98,39,6
99,39,4
100,39,4
101,39,4
102,39,2
103,39,2
104,39,2
105,39,11
106,39,11
107,39,11
108,39,4
109,39,4
110,39,4
111,39,2
112,39,2
113,39,2
114,39,11
115,39,11
116,39,11
117,39,4
118,39,4
119,39,4
120,39,2
121,39,2
122,39,2
123,39,11
124,39,11
125,39,11
126,39,4
127,39,4
128,39,4
129,39,2
130,39,2
131,39,2
132,39,9
133,39,9
134,39,9
135,39,2
136,39,2
137,39,2
138,39,9
139,39,9
140,39,9
141,39,2
142,39,2
143,39,2
144,39,9
145,39,9
146,39,9
147,39,2
148,39,2
149,39,2
150,39,7
151,39,7
152,39,7
153,39,7
154,39,7
155,39,7
156,39,7
157,39,7
158,39,7
159,39,5
160,39,3
161,39,3
162,39,3
163,39,3
41,40,7
42,40,3
43,40,2
44,40,1
45,40,7
46,40,7
47,40,7
48,40,3
49,40,3
50,40,3
51,40,2
52,40,2
53,40,2
54,40,1
55,40,1
56,40,1
57,40,7
58,40,7
59,40,7
60,40,3
61,40,3
62,40,3
63,40,2
64,40,2
65,40,2
66,40,1
67,40,1
68,40,1
69,40,7
70,40,7
71,40,7
72,40,3
73,40,3
74,40,3
75,40,2
76,40,2
77,40,2
78,40,1
79,40,1
80,40,1
81,40,7
82,40,7
83,40,7
84,40,3
85,40,3
86,40,3
87,40,2
88,40,2
89,40,2
90,40,1
91,40,1
92,40,1
93,40,7
94,40,7
95,40,7
96,40,3
97,40,3
98,40,3
99,40,2
100,40,2
101,40,2
102,40,1
103,40,1
104,40,1
105,40,6
106,40,6
107,40,6
108,40,2
109,40,2
110,40,2
111,40,1
112,40,1
113,40,1
114,40,6
115,40,6
116,40,6
117,40,2
118,40,2
119,40,2
120,40,1
121,40,1
122,40,1
123,40,6
124,40,6
125,40,6
126,40,2
127,40,2
128,40,2
129,40,1
130,40,1
131,40,1
132,40,5
133,40,5
134,40,5
135,40,1
136,40,1
137,40,1
138,40,5
139,40,5
140,40,5
141,40,1
142,40,1
143,40,1
144,40,5
145,40,5
146,40,5
147,40,1
148,40,1
149,40,1
150,40,4
151,40,4
152,40,4
153,40,4
154,40,4
155,40,4
156,40,4
157,40,4
158,40,4
159,40,3
160,40,2
161,40,2
162,40,2
163,40,2
42,41,3
43,41,2
44,41,1
46,41,7
47,41,7
48,41,3
49,41,3
50,41,3
51,41,2
52,41,2
53,41,2
54,41,1
55,41,1
56,41,1
58,41,7
59,41,7
60,41,3
61,41,3
62,41,3
63,41,2
64,41,2
65,41,2
66,41,1
67,41,1
68,41,1
70,41,7
71,41,7
72,41,3
73,41,3
74,41,3
75,41,2
76,41,2
77,41,2
78,41,1
79,41,1
80,41,1
82,41,7
83,41,7
84,41,3
85,41,3
86,41,3
87,41,2
88,41,2
89,41,2
90,41,1
91,41,1
92,41,1
94,41,7
95,41,7
96,41,3
97,41,3
98,41,3
99,41,2
100,41,2
101,41,2
102,41,1
103,41,1
104,41,1
106,41,6
107,41,6
108,41,2
109,41,2
110,41,2
111,41,1
112,41,1
113,41,1
115,41,6
116,41,6
117,41,2
118,41,2
119,41,2
120,41,1
121,41,1
122,41,1
124,41,6
125,41,6
126,41,2
127,41,2
128,41,2
129,41,1
130,41,1
131,41,1
133,41,5
134,41,5
135,41,1
136,41,1
137,41,1
139,41,5
140,41,5
141,41,1
142,41,1
143,41,1
145,41,5
146,41,5
147,41,1
148,41,1
149,41,1
151,41,4
152,41,4
154,41,4
155,41,4
157,41,4
158,41,4
159,41,3
160,41,2
161,41,2
162,41,2
163,41,2
43,42,2
44,42,1
49,42,3
50,42,3
51,42,2
52,42,2
53,42,2
54,42,1
55,42,1
56,42,1
61,42,3
62,42,3
63,42,2
64,42,2
65,42,2
66,42,1
67,42,1
68,42,1
73,42,3
74,42,3
75,42,2
76,42,2
77,42,2
78,42,1
79,42,1
80,42,1
85,42,3
86,42,3
87,42,2
88,42,2
89,42,2
90,42,1
91,42,1
92,42,1
97,42,3
98,42,3
99,42,2
100,42,2
101,42,2
102,42,1
103,42,1
104,42,1
109,42,2
110,42,2
111,42,1
112,42,1
113,42,1
118,42,2
119,42,2
120,42,1
121,42,1
122,42,1
127,42,2
128,42,2
129,42,1
130,42,1
131,42,1
136,42,1
137,42,1
142,42,1
143,42,1
148,42,1
149,42,1
44,43,1
52,43,2
53,43,2
54,43,1
55,43,1
56,43,1
64,43,2
65,43,2
66,43,1
67,43,1
68,43,1
76,43,2
77,43,2
78,43,1
79,43,1
80,43,1
88,43,2
89,43,2
90,43,1
91,43,1
92,43,1
100,43,2
101,43,2
102,43,1
103,43,1
104,43,1
112,43,1
113,43,1
121,43,1
122,43,1
130,43,1
131,43,1
55,44,1
56,44,1
67,44,1
68,44,1
79,44,1
80,44,1
91,44,1
92,44,1
103,44,1
104,44,1
46,45,7
47,45,7
48,45,3
49,45,3
50,45,3
51,45,2
52,45,2
53,45,2
54,45,1
55,45,1
56,45,1
57,45,7
58,45,7
59,45,7
60,45,3
61,45,3
62,45,3
63,45,2
64,45,2
65,45,2
66,45,1
67,45,1
68,45,1
69,45,7
70,45,7
71,45,7
72,45,3
73,45,3
74,45,3
75,45,2
76,45,2
77,45,2
78,45,1
79,45,1
80,45,1
81,45,7
82,45,7
83,45,7
84,45,3
85,45,3
86,45,3
87,45,2
88,45,2
89,45,2
90,45,1
91,45,1
92,45,1
93,45,7
94,45,7
95,45,7
96,45,3
97,45,3
98,45,3
99,45,2
100,45,2
101,45,2
102,45,1
103,45,1
104,45,1
105,45,6
106,45,6
107,45,6
108,45,2
109,45,2
110,45,2
111,45,1
112,45,1
113,45,1
114,45,6
115,45,6
116,45,6
117,45,2
118,45,2
119,45,2
120,45,1
121,45,1
122,45,1
123,45,6
124,45,6
125,45,6
126,45,2
127,45,2
128,45,2
129,45,1
130,45,1
131,45,1
132,45,5
133,45,5
134,45,5
135,45,1
136,45,1
137,45,1
138,45,5
139,45,5
140,45,5
141,45,1
142,45,1
143,45,1
144,45,5
145,45,5
146,45,5
147,45,1
148,45,1
149,45,1
150,45,4
151,45,4
152,45,4
153,45,4
154,45,4
155,45,4
156,45,4
157,45,4
158,45,4
159,45,3
160,45,2
161,45,2
162,45,2
163,45,2
47,46,7
48,46,3
49,46,3
50,46,3
51,46,2
52,46,2
53,46,2
54,46,1
55,46,1
56,46,1
58,46,7
59,46,7
60,46,3
61,46,3
62,46,3
63,46,2
64,46,2
65,46,2
66,46,1
67,46,1
68,46,1
70,46,7
71,46,7
72,46,3
73,46,3
74,46,3
75,46,2
76,46,2
77,46,2
78,46,1
79,46,1
80,46,1
82,46,7
83,46,7
84,46,3
85,46,3
86,46,3
87,46,2
88,46,2
89,46,2
90,46,1
91,46,1
92,46,1
94,46,7
95,46,7
96,46,3
97,46,3
98,46,3
99,46,2
100,46,2
101,46,2
102,46,1
103,46,1
104,46,1
106,46,6
107,46,6
108,46,2
109,46,2
110,46,2
111,46,1
112,46,1
113,46,1
115,46,6
116,46,6
117,46,2
118,46,2
119,46,2
120,46,1
121,46,1
122,46,1
124,46,6
125,46,6
126,46,2
127,46,2
128,46,2
129,46,1
130,46,1
131,46,1
133,46,5
134,46,5
135,46,1
136,46,1
137,46,1
139,46,5
140,46,5
141,46,1
142,46,1
143,46,1
145,46,5
146,46,5
147,46,1
148,46,1
149,46,1
151,46,4
152,46,4
154,46,4
155,46,4
157,46,4
158,46,4
159,46,3
160,46,2
161,46,2
162,46,2
163,46,2
48,47,3
49,47,3
50,47,3
51,47,2
52,47,2
53,47,2
54,47,1
55,47,1
56,47,1
59,47,7
60,47,3
61,47,3
62,47,3
63,47,2
64,47,2
65,47,2
66,47,1
67,47,1
68,47,1
71,47,7
72,47,3
73,47,3
74,47,3
75,47,2
76,47,2
77,47,2
78,47,1
79,47,1
80,47,1
83,47,7
84,47,3
85,47,3
86,47,3
87,47,2
88,47,2
89,47,2
90,47,1
91,47,1
92,47,1
95,47,7
96,47,3
97,47,3
98,47,3
99,47,2
100,47,2
101,47,2
102,47,1
103,47,1
104,47,1
107,47,6
108,47,2
109,47,2
110,47,2
111,47,1
112,47,1
113,47,1
116,47,6
117,47,2
118,47,2
119,47,2
120,47,1
121,47,1
122,47,1
125,47,6
126,47,2
127,47,2
128,47,2
129,47,1
130,47,1
131,47,1
134,47,5
135,47,1
136,47,1
137,47,1
140,47,5
141,47,1
142,47,1
143,47,1
146,47,5
147,47,1
148,47,1
149,47,1
152,47,4
155,47,4
158,47,4
159,47,3
160,47,2
161,47,2
162,47,2
163,47,2
49,48,3
50,48,3
51,48,2
52,48,2
53,48,2
54,48,1
55,48,1
56,48,1
60,48,3
61,48,3
62,48,3
63,48,2
64,48,2
65,48,2
66,48,1
67,48,1
68,48,1
72,48,3
73,48,3
74,48,3
75,48,2
76,48,2
77,48,2
78,48,1
79,48,1
80,48,1
84,48,3
85,48,3
86,48,3
87,48,2
88,48,2
89,48,2
90,48,1
91,48,1
92,48,1
96,48,3
97,48,3
98,48,3
99,48,2
100,48,2
101,48,2
102,48,1
103,48,1
104,48,1
108,48,2
109,48,2
110,48,2
111,48,1
112,48,1
113,48,1
117,48,2
118,48,2
119,48,2
120,48,1
121,48,1
122,48,1
126,48,2
127,48,2
128,48,2
129,48,1
130,48,1
131,48,1
135,48,1
136,48,1
137,48,1
141,48,1
142,48,1
143,48,1
147,48,1
148,48,1
149,48,1
50,49,3
51,49,2
52,49,2
53,49,2
54,49,1
55,49,1
56,49,1
61,49,3
62,49,3
63,49,2
64,49,2
65,49,2
66,49,1
67,49,1
68,49,1
73,49,3
74,49,3
75,49,2
76,49,2
77,49,2
78,49,1
79,49,1
80,49,1
85,49,3
86,49,3
87,49,2
88,49,2
89,49,2
90,49,1
91,49,1
92,49,1
97,49,3
98,49,3
99,49,2
100,49,2
101,49,2
102,49,1
103,49,1
104,49,1
109,49,2
110,49,2
111,49,1
112,49,1
113,49,1
118,49,2
119,49,2
120,49,1
121,49,1
122,49,1
127,49,2
128,49,2
129,49,1
130,49,1
131,49,1
136,49,1
137,49,1
142,49,1
143,49,1
148,49,1
149,49,1
51,50,2
52,50,2
53,50,2
54,50,1
55,50,1
56,50,1
62,50,3
63,50,2
64,50,2
65,50,2
66,50,1
67,50,1
68,50,1
74,50,3
75,50,2
76,50,2
77,50,2
78,50,1
79,50,1
80,50,1
86,50,3
87,50,2
88,50,2
89,50,2
90,50,1
91,50,1
92,50,1
98,50,3
99,50,2
100,50,2
101,50,2
102,50,1
103,50,1
104,50,1
110,50,2
111,50,1
112,50,1
113,50,1
119,50,2
120,50,1
121,50,1
122,50,1
128,50,2
129,50,1
130,50,1
131,50,1
137,50,1
143,50,1
149,50,1
52,51,2
53,51,2
54,51,1
55,51,1
56,51,1
63,51,2
64,51,2
65,51,2
66,51,1
67,51,1
68,51,1
75,51,2
76,51,2
77,51,2
78,51,1
79,51,1
80,51,1
87,51,2
88,51,2
89,51,2
90,51,1
91,51,1
92,51,1
99,51,2
100,51,2
101,51,2
102,51,1
103,51,1
104,51,1
111,51,1
112,51,1
113,51,1
120,51,1
121,51,1
122,51,1
129,51,1
130,51,1
131,51,1
53,52,2
54,52,1
55,52,1
56,52,1
64,52,2
65,52,2
66,52,1
67,52,1
68,52,1
76,52,2
77,52,2
78,52,1
79,52,1
80,52,1
88,52,2
89,52,2
90,52,1
91,52,1
92,52,1
100,52,2
101,52,2
102,52,1
103,52,1
104,52,1
112,52,1
113,52,1
121,52,1
122,52,1
130,52,1
131,52,1
54,53,1
55,53,1
56,53,1
65,53,2
66,53,1
67,53,1
68,53,1
77,53,2
78,53,1
79,53,1
80,53,1
89,53,2
90,53,1
91,53,1
92,53,1
101,53,2
102,53,1
103,53,1
104,53,1
113,53,1
122,53,1
131,53,1
55,54,1
56,54,1
66,54,1
67,54,1
68,54,1
78,54,1
79,54,1
80,54,1
90,54,1
91,54,1
92,54,1
102,54,1
103,54,1
104,54,1
56,55,1
67,55,1
68,55,1
79,55,1
80,55,1
91,55,1
92,55,1
103,55,1
104,55,1
68,56,1
80,56,1
92,56,1
104,56,1
58,57,7
59,57,7
60,57,3
61,57,3
62,57,3
63,57,2
64,57,2
65,57,2
66,57,1
67,57,1
68,57,1
69,57,7
70,57,7
71,57,7
72,57,3
73,57,3
74,57,3
75,57,2
76,57,2
77,57,2
78,57,1
79,57,1
80,57,1
81,57,7
82,57,7
83,57,7
84,57,3
85,57,3
86,57,3
87,57,2
88,57,2
89,57,2
90,57,1
91,57,1
92,57,1
93,57,7
94,57,7
95,57,7
96,57,3
97,57,3
98,57,3
99,57,2
100,57,2
101,57,2
102,57,1
103,57,1
104,57,1
105,57,6
106,57,6
107,57,6
108,57,2
109,57,2
110,57,2
111,57,1
112,57,1
113,57,1
114,57,6
115,57,6
116,57,6
117,57,2
118,57,2
119,57,2
120,57,1
121,57,1
122,57,1
123,57,6
124,57,6
125,57,6
126,57,2
127,57,2
128,57,2
129,57,1
130,57,1
131,57,1
132,57,5
133,57,5
134,57,5
135,57,1
136,57,1
137,57,1
138,57,5
139,57,5
140,57,5
141,57,1
142,57,1
143,57,1
144,57,5
145,57,5
146,57,5
147,57,1
148,57,1
149,57,1
150,57,4
151,57,4
152,57,4
153,57,4
154,57,4
155,57,4
156,57,4
157,57,4
158,57,4
159,57,3
160,57,2
161,57,2
162,57,2
163,57,2
59,58,7
60,58,3
61,58,3
62,58,3
63,58,2
64,58,2
65,58,2
66,58,1
67,58,1
68,58,1
70,58,7
71,58,7
72,58,3
73,58,3
74,58,3
75,58,2
76,58,2
77,58,2
78,58,1
79,58,1
80,58,1
82,58,7
83,58,7
84,58,3
85,58,3
86,58,3
87,58,2
88,58,2
89,58,2
90,58,1
91,58,1
92,58,1
94,58,7
95,58,7
96,58,3
97,58,3
98,58,3
99,58,2
100,58,2
101,58,2
102,58,1
103,58,1
104,58,1
106,58,6
107,58,6
108,58,2
109,58,2
110,58,2
111,58,1
112,58,1
113,58,1
115,58,6
116,58,6
117,58,2
118,58,2
119,58,2
120,58,1
121,58,1
122,58,1
124,58,6
125,58,6
126,58,2
127,58,2
128,58,2
129,58,1
130,58,1
131,58,1
133,58,5
134,58,5
135,58,1
136,58,1
137,58,1
139,58,5
140,58,5
141,58,1
142,58,1
143,58,1
145,58,5
146,58,5
147,58,1
148,58,1
149,58,1
151,58,4
152,58,4
154,58,4
155,58,4
157,58,4
158,58,4
159,58,3
160,58,2
161,58,2
162,58,2
163,58,2
60,59,3
61,59,3
62,59,3
63,59,2
64,59,2
65,59,2
66,59,1
67,59,1
68,59,1
71,59,7
72,59,3
73,59,3
74,59,3
75,59,2
76,59,2
77,59,2
78,59,1
79,59,1
80,59,1
83,59,7
84,59,3
85,59,3
86,59,3
87,59,2
88,59,2
89,59,2
90,59,1
91,59,1
92,59,1
95,59,7
96,59,3
97,59,3
98,59,3
99,59,2
100,59,2
101,59,2
102,59,1
103,59,1
104,59,1
107,59,6
108,59,2
109,59,2
110,59,2
111,59,1
112,59,1
113,59,1
116,59,6
117,59,2
118,59,2
119,59,2
120,59,1
121,59,1
122,59,1
125,59,6
126,59,2
127,59,2
128,59,2
129,59,1
130,59,1
131,59,1
134,59,5
135,59,1
136,59,1
137,59,1
140,59,5
141,59,1
142,59,1
143,59,1
146,59,5
147,59,1
148,59,1
149,59,1
152,59,4
155,59,4
158,59,4
159,59,3
160,59,2
161,59,2
162,59,2
163,59,2
61,60,3
62,60,3
63,60,2
64,60,2
65,60,2
66,60,1
67,60,1
68,60,1
72,60,3
73,60,3
74,60,3
75,60,2
76,60,2
77,60,2
78,60,1
79,60,1
80,60,1
84,60,3
85,60,3
86,60,3
87,60,2
88,60,2
89,60,2
90,60,1
91,60,1
92,60,1
96,60,3
97,60,3
98,60,3
99,60,2
100,60,2
101,60,2
102,60,1
103,60,1
104,60,1
108,60,2
109,60,2
110,60,2
111,60,1
112,60,1
113,60,1
117,60,2
118,60,2
119,60,2
120,60,1
121,60,1
122,60,1
126,60,2
127,60,2
128,60,2
129,60,1
130,60,1
131,60,1
135,60,1
136,60,1
137,60,1
141,60,1
142,60,1
143,60,1
147,60,1
148,60,1
149,60,1
62,61,3
63,61,2
64,61,2
65,61,2
66,61,1
67,61,1
68,61,1
73,61,3
74,61,3
75,61,2
76,61,2
77,61,2
78,61,1
79,61,1
80,61,1
85,61,3
86,61,3
87,61,2
88,61,2
89,61,2
90,61,1
91,61,1
92,61,1
97,61,3
98,61,3
99,61,2
100,61,2
101,61,2
102,61,1
103,61,1
104,61,1
109,61,2
110,61,2
111,61,1
112,61,1
113,61,1
118,61,2
119,61,2
120,61,1
121,61,1
122,61,1
127,61,2
128,61,2
129,61,1
130,61,1
131,61,1
136,61,1
137,61,1
142,61,1
143,61,1
148,61,1
149,61,1
63,62,2
64,62,2
65,62,2
66,62,1
67,62,1
68,62,1
74,62,3
75,62,2
76,62,2
77,62,2
78,62,1
79,62,1
80,62,1
86,62,3
87,62,2
88,62,2
89,62,2
90,62,1
91,62,1
92,62,1
98,62,3
99,62,2
100,62,2
101,62,2
102,62,1
103,62,1
104,62,1
110,62,2
111,62,1
112,62,1
113,62,1
119,62,2
120,62,1
121,62,1
122,62,1
128,62,2
129,62,1
130,62,1
131,62,1
137,62,1
143,62,1
149,62,1
64,63,2
65,63,2
66,63,1
67,63,1
68,63,1
75,63,2
76,63,2
77,63,2
78,63,1
79,63,1
80,63,1
87,63,2
88,63,2
89,63,2
90,63,1
91,63,1
92,63,1
99,63,2
100,63,2
101,63,2
102,63,1
103,63,1
104,63,1
111,63,1
112,63,1
113,63,1
120,63,1
121,63,1
122,63,1
129,63,1
130,63,1
131,63,1
65,64,2
66,64,1
67,64,1
68,64,1
76,64,2
77,64,2
78,64,1
79,64,1
80,64,1
88,64,2
89,64,2
90,64,1
91,64,1
92,64,1
100,64,2
101,64,2
102,64,1
103,64,1
104,64,1
112,64,1
113,64,1
121,64,1
122,64,1
130,64,1
131,64,1
66,65,1
67,65,1
68,65,1
77,65,2
78,65,1
79,65,1
80,65,1
89,65,2
90,65,1
91,65,1
92,65,1
101,65,2
102,65,1
103,65,1
104,65,1
113,65,1
122,65,1
131,65,1
67,66,1
68,66,1
78,66,1
79,66,1
80,66,1
90,66,1
91,66,1
92,66,1
102,66,1
103,66,1
104,66,1
68,67,1
79,67,1
80,67,1
91,67,1
92,67,1
103,67,1
104,67,1
80,68,1
92,68,1
104,68,1
70,69,7
71,69,7
72,69,3
73,69,3
74,69,3
75,69,2
76,69,2
77,69,2
78,69,1
79,69,1
80,69,1
81,69,7
82,69,7
83,69,7
84,69,3
85,69,3
86,69,3
87,69,2
88,69,2
89,69,2
90,69,1
91,69,1
92,69,1
93,69,7
94,69,7
95,69,7
96,69,3
97,69,3
98,69,3
99,69,2
100,69,2
101,69,2
102,69,1
103,69,1
104,69,1
105,69,6
106,69,6
107,69,6
108,69,2
109,69,2
110,69,2
111,69,1
112,69,1
113,69,1
114,69,6
115,69,6
116,69,6
117,69,2
118,69,2
119,69,2
120,69,1
121,69,1
122,69,1
123,69,6
124,69,6
125,69,6
126,69,2
127,69,2
128,69,2
129,69,1
130,69,1
131,69,1
132,69,5
133,69,5
134,69,5
135,69,1
136,69,1
137,69,1
138,69,5
139,69,5
140,69,5
141,69,1
142,69,1
143,69,1
144,69,5
145,69,5
146,69,5
147,69,1
148,69,1
149,69,1
150,69,4
151,69,4
152,69,4
153,69,4
154,69,4
155,69,4
156,69,4
157,69,4
158,69,4
159,69,3
160,69,2
161,69,2
162,69,2
163,69,2
71,70,7
72,70,3
73,70,3
74,70,3
75,70,2
76,70,2
77,70,2
78,70,1
79,70,1
80,70,1
82,70,7
83,70,7
84,70,3
85,70,3
86,70,3
87,70,2
88,70,2
89,70,2
90,70,1
91,70,1
92,70,1
94,70,7
95,70,7
96,70,3
97,70,3
98,70,3
99,70,2
100,70,2
101,70,2
102,70,1
103,70,1
104,70,1
106,70,6
107,70,6
108,70,2
109,70,2
110,70,2
111,70,1
112,70,1
113,70,1
115,70,6
116,70,6
117,70,2
118,70,2
119,70,2
120,70,1
121,70,1
122,70,1
124,70,6
125,70,6
126,70,2
127,70,2
128,70,2
129,70,1
130,70,1
131,70,1
133,70,5
134,70,5
135,70,1
136,70,1
137,70,1
139,70,5
140,70,5
141,70,1
142,70,1
143,70,1
145,70,5
146,70,5
147,70,1
148,70,1
149,70,1
151,70,4
152,70,4
154,70,4
155,70,4
157,70,4
158,70,4
159,70,3
160,70,2
161,70,2
162,70,2
163,70,2
72,71,3
73,71,3
74,71,3
75,71,2
76,71,2
77,71,2
78,71,1
79,71,1
80,71,1
83,71,7
84,71,3
85,71,3
86,71,3
87,71,2
88,71,2
89,71,2
90,71,1
91,71,1
92,71,1
95,71,7
96,71,3
97,71,3
98,71,3
99,71,2
100,71,2
101,71,2
102,71,1
103,71,1
104,71,1
107,71,6
108,71,2
109,71,2
110,71,2
111,71,1
112,71,1
113,71,1
116,71,6
117,71,2
118,71,2
119,71,2
120,71,1
121,71,1
122,71,1
125,71,6
126,71,2
127,71,2
128,71,2
129,71,1
130,71,1
131,71,1
134,71,5
135,71,1
136,71,1
137,71,1
140,71,5
141,71,1
142,71,1
143,71,1
146,71,5
147,71,1
148,71,1
149,71,1
152,71,4
155,71,4
158,71,4
159,71,3
160,71,2
161,71,2
162,71,2
163,71,2
73,72,3
74,72,3
75,72,2
76,72,2
77,72,2
78,72,1
79,72,1
80,72,1
84,72,3
85,72,3
86,72,3
87,72,2
88,72,2
89,72,2
90,72,1
91,72,1
92,72,1
96,72,3
97,72,3
98,72,3
99,72,2
100,72,2
101,72,2
102,72,1
103,72,1
104,72,1
108,72,2
109,72,2
110,72,2
111,72,1
112,72,1
113,72,1
117,72,2
118,72,2
119,72,2
120,72,1
121,72,1
122,72,1
126,72,2
127,72,2
128,72,2
129,72,1
130,72,1
131,72,1
135,72,1
136,72,1
137,72,1
141,72,1
142,72,1
143,72,1
147,72,1
148,72,1
149,72,1
74,73,3
75,73,2
76,73,2
77,73,2
78,73,1
79,73,1
80,73,1
85,73,3
86,73,3
87,73,2
88,73,2
89,73,2
90,73,1
91,73,1
92,73,1
97,73,3
98,73,3
99,73,2
100,73,2
101,73,2
102,73,1
103,73,1
104,73,1
109,73,2
110,73,2
111,73,1
112,73,1
113,73,1
118,73,2
119,73,2
120,73,1
121,73,1
122,73,1
127,73,2
128,73,2
129,73,1
130,73,1
131,73,1
136,73,1
137,73,1
142,73,1
143,73,1
148,73,1
149,73,1
75,74,2
76,74,2
77,74,2
78,74,1
79,74,1
80,74,1
86,74,3
87,74,2
88,74,2
89,74,2
90,74,1
91,74,1
92,74,1
98,74,3
99,74,2
100,74,2
101,74,2
102,74,1
103,74,1
104,74,1
110,74,2
111,74,1
112,74,1
113,74,1
119,74,2
120,74,1
121,74,1
122,74,1
128,74,2
129,74,1
130,74,1
131,74,1
137,74,1
143,74,1
149,74,1
76,75,2
77,75,2
78,75,1
79,75,1
80,75,1
87,75,2
88,75,2
89,75,2
90,75,1
91,75,1
92,75,1
99,75,2
100,75,2
101,75,2
102,75,1
103,75,1
104,75,1
111,75,1
112,75,1
113,75,1
120,75,1
121,75,1
122,75,1
129,75,1
130,75,1
131,75,1
77,76,2
78,76,1
79,76,1
80,76,1
88,76,2
89,76,2
90,76,1
91,76,1
92,76,1
100,76,2
101,76,2
102,76,1
103,76,1
104,76,1
112,76,1
113,76,1
121,76,1
122,76,1
130,76,1
131,76,1
78,77,1
79,77,1
80,77,1
89,77,2
90,77,1
91,77,1
92,77,1
101,77,2
102,77,1
103,77,1
104,77,1
113,77,1
122,77,1
131,77,1
79,78,1
80,78,1
90,78,1
91,78,1
92,78,1
102,78,1
103,78,1
104,78,1
80,79,1
91,79,1
92,79,1
103,79,1
104,79,1
92,80,1
104,80,1
82,81,7
83,81,7
84,81,3
85,81,3
86,81,3
87,81,2
88,81,2
89,81,2
90,81,1
91,81,1
92,81,1
93,81,7
94,81,7
95,81,7
96,81,3
97,81,3
98,81,3
99,81,2
100,81,2
101,81,2
102,81,1
103,81,1
104,81,1
105,81,6
106,81,6
107,81,6
108,81,2
109,81,2
110,81,2
111,81,1
112,81,1
113,81,1
114,81,6
115,81,6
116,81,6
117,81,2
118,81,2
119,81,2
120,81,1
121,81,1
122,81,1
123,81,6
124,81,6
125,81,6
126,81,2
127,81,2
128,81,2
129,81,1
130,81,1
131,81,1
132,81,5
133,81,5
134,81,5
135,81,1
136,81,1
137,81,1
138,81,5
139,81,5
140,81,5
141,81,1
142,81,1
143,81,1
144,81,5
145,81,5
146,81,5
147,81,1
148,81,1
149,81,1
150,81,4
151,81,4
152,81,4
153,81,4
154,81,4
155,81,4
156,81,4
157,81,4
158,81,4
159,81,3
160,81,2
161,81,2
162,81,2
163,81,2
83,82,7
84,82,3
85,82,3
86,82,3
87,82,2
88,82,2
89,82,2
90,82,1
91,82,1
92,82,1
94,82,7
95,82,7
96,82,3
97,82,3
98,82,3
99,82,2
100,82,2
101,82,2
102,82,1
103,82,1
104,82,1
106,82,6
107,82,6
108,82,2
109,82,2
110,82,2
111,82,1
112,82,1
113,82,1
115,82,6
116,82,6
117,82,2
118,82,2
119,82,2
120,82,1
121,82,1
122,82,1
124,82,6
125,82,6
126,82,2
127,82,2
128,82,2
129,82,1
130,82,1
131,82,1
133,82,5
134,82,5
135,82,1
136,82,1
137,82,1
139,82,5
140,82,5
141,82,1
142,82,1
143,82,1
145,82,5
146,82,5
147,82,1
148,82,1
149,82,1
151,82,4
152,82,4
154,82,4
155,82,4
157,82,4
158,82,4
159,82,3
160,82,2
161,82,2
162,82,2
163,82,2
84,83,3
85,83,3
86,83,3
87,83,2
88,83,2
89,83,2
90,83,1
91,83,1
92,83,1
95,83,7
96,83,3
97,83,3
98,83,3
99,83,2
100,83,2
101,83,2
102,83,1
103,83,1
104,83,1
107,83,6
108,83,2
109,83,2
110,83,2
111,83,1
112,83,1
113,83,1
116,83,6
117,83,2
118,83,2
119,83,2
120,83,1
121,83,1
122,83,1
125,83,6
126,83,2
127,83,2
128,83,2
129,83,1
130,83,1
131,83,1
134,83,5
135,83,1
136,83,1
137,83,1
140,83,5
141,83,1
142,83,1
143,83,1
146,83,5
147,83,1
148,83,1
149,83,1
152,83,4
155,83,4
158,83,4
159,83,3
160,83,2
161,83,2
162,83,2
163,83,2
85,84,3
86,84,3
87,84,2
88,84,2
89,84,2
90,84,1
91,84,1
92,84,1
96,84,3
97,84,3
98,84,3
99,84,2
100,84,2
101,84,2
102,84,1
103,84,1
104,84,1
108,84,2
109,84,2
110,84,2
111,84,1
112,84,1
113,84,1
117,84,2
118,84,2
119,84,2
120,84,1
121,84,1
122,84,1
126,84,2
127,84,2
128,84,2
129,84,1
130,84,1
131,84,1
135,84,1
136,84,1
137,84,1
141,84,1
142,84,1
143,84,1
147,84,1
148,84,1
149,84,1
86,85,3
87,85,2
88,85,2
89,85,2
90,85,1
91,85,1
92,85,1
97,85,3
98,85,3
99,85,2
100,85,2
101,85,2
102,85,1
103,85,1
104,85,1
109,85,2
110,85,2
111,85,1
112,85,1
113,85,1
118,85,2
119,85,2
120,85,1
121,85,1
122,85,1
127,85,2
128,85,2
129,85,1
130,85,1
131,85,1
136,85,1
137,85,1
142,85,1
143,85,1
148,85,1
149,85,1
87,86,2
88,86,2
89,86,2
90,86,1
91,86,1
92,86,1
98,86,3
99,86,2
100,86,2
101,86,2
102,86,1
103,86,1
104,86,1
110,86,2
111,86,1
112,86,1
113,86,1
119,86,2
120,86,1
121,86,1
122,86,1
128,86,2
129,86,1
130,86,1
131,86,1
137,86,1
143,86,1
149,86,1
88,87,2
89,87,2
90,87,1
91,87,1
92,87,1
99,87,2
100,87,2
101,87,2
102,87,1
103,87,1
104,87,1
111,87,1
112,87,1
113,87,1
120,87,1
121,87,1
122,87,1
129,87,1
130,87,1
131,87,1
89,88,2
90,88,1
91,88,1
92,88,1
100,88,2
101,88,2
102,88,1
103,88,1
104,88,1
112,88,1
113,88,1
121,88,1
122,88,1
130,88,1
131,88,1
90,89,1
91,89,1
92,89,1
101,89,2
102,89,1
103,89,1
104,89,1
113,89,1
122,89,1
131,89,1
91,90,1
92,90,1
102,90,1
103,90,1
104,90,1
92,91,1
103,91,1
104,91,1
104,92,1
94,93,7
95,93,7
96,93,3
97,93,3
98,93,3
99,93,2
100,93,2
101,93,2
102,93,1
103,93,1
104,93,1
105,93,6
106,93,6
107,93,6
108,93,2
109,93,2
110,93,2
111,93,1
112,93,1
113,93,1
114,93,6
115,93,6
116,93,6
117,93,2
118,93,2
119,93,2
120,93,1
121,93,1
122,93,1
123,93,6
124,93,6
125,93,6
126,93,2
127,93,2
128,93,2
129,93,1
130,93,1
131,93,1
132,93,5
133,93,5
134,93,5
135,93,1
136,93,1
137,93,1
138,93,5
139,93,5
140,93,5
141,93,1
142,93,1
143,93,1
144,93,5
145,93,5
146,93,5
147,93,1
148,93,1
149,93,1
150,93,4
151,93,4
152,93,4
153,93,4
154,93,4
155,93,4
156,93,4
157,93,4
158,93,4
159,93,3
160,93,2
161,93,2
162,93,2
163,93,2
95,94,7
96,94,3
97,94,3
98,94,3
99,94,2
100,94,2
101,94,2
102,94,1
103,94,1
104,94,1
106,94,6
107,94,6
108,94,2
109,94,2
110,94,2
111,94,1
112,94,1
113,94,1
115,94,6
116,94,6
117,94,2
118,94,2
119,94,2
120,94,1
121,94,1
122,94,1
124,94,6
125,94,6
126,94,2
127,94,2
128,94,2
129,94,1
130,94,1
131,94,1
133,94,5
134,94,5
135,94,1
136,94,1
137,94,1
139,94,5
140,94,5
141,94,1
142,94,1
143,94,1
145,94,5
146,94,5
147,94,1
148,94,1
149,94,1
151,94,4
152,94,4
154,94,4
155,94,4
157,94,4
158,94,4
159,94,3
160,94,2
161,94,2
162,94,2
163,94,2
96,95,3
97,95,3
98,95,3
99,95,2
100,95,2
101,95,2
102,95,1
103,95,1
104,95,1
107,95,6
108,95,2
109,95,2
110,95,2
111,95,1
112,95,1
113,95,1
116,95,6
117,95,2
118,95,2
119,95,2
120,95,1
121,95,1
122,95,1
125,95,6
126,95,2
127,95,2
128,95,2
129,95,1
130,95,1
131,95,1
134,95,5
135,95,1
136,95,1
137,95,1
140,95,5
141,95,1
142,95,1
143,95,1
146,95,5
147,95,1
148,95,1
149,95,1
152,95,4
155,95,4
158,95,4
159,95,3
160,95,2
161,95,2
162,95,2
163,95,2
97,96,3
98,96,3
99,96,2
100,96,2
101,96,2
102,96,1
103,96,1
104,96,1
108,96,2
109,96,2
110,96,2
111,96,1
112,96,1
113,96,1
117,96,2
118,96,2
119,96,2
120,96,1
121,96,1
122,96,1
126,96,2
127,96,2
128,96,2
129,96,1
130,96,1
131,96,1
135,96,1
136,96,1
137,96,1
141,96,1
142,96,1
143,96,1
147,96,1
148,96,1
149,96,1
98,97,3
99,97,2
100,97,2
101,97,2
102,97,1
103,97,1
104,97,1
109,97,2
110,97,2
111,97,1
112,97,1
113,97,1
118,97,2
119,97,2
120,97,1
121,97,1
122,97,1
127,97,2
128,97,2
129,97,1
130,97,1
131,97,1
136,97,1
137,97,1
142,97,1
143,97,1
148,97,1
149,97,1
99,98,2
100,98,2
101,98,2
102,98,1
103,98,1
104,98,1
110,98,2
111,98,1
112,98,1
113,98,1
119,98,2
120,98,1
121,98,1
122,98,1
128,98,2
129,98,1
130,98,1
131,98,1
137,98,1
143,98,1
149,98,1
100,99,2
101,99,2
102,99,1
103,99,1
104,99,1
111,99,1
112,99,1
113,99,1
120,99,1
121,99,1
122,99,1
129,99,1
130,99,1
131,99,1
101,100,2
102,100,1
103,100,1
104,100,1
112,100,1
113,100,1
121,100,1
122,100,1
130,100,1
131,100,1
102,101,1
103,101,1
104,101,1
113,101,1
122,101,1
131,101,1
103,102,1
104,102,1
104,103,1
106,105,6
107,105,6
108,105,2
109,105,2
110,105,2
111,105,1
112,105,1
113,105,1
114,105,6
115,105,6
116,105,6
117,105,2
118,105,2
119,105,2
120,105,1
121,105,1
122,105,1
123,105,6
124,105,6
125,105,6
126,105,2
127,105,2
128,105,2
129,105,1
130,105,1
131,105,1
132,105,5
133,105,5
134,105,5
135,105,1
136,105,1
137,105,1
138,105,5
139,105,5
140,105,5
141,105,1
142,105,1
143,105,1
144,105,5
145,105,5
146,105,5
147,105,1
148,105,1
149,105,1
150,105,4
151,105,4
152,105,4
153,105,4
154,105,4
155,105,4
156,105,4
157,105,4
158,105,4
159,105,3
160,105,2
161,105,2
162,105,2
163,105,2
107,106,6
108,106,2
109,106,2
110,106,2
111,106,1
112,106,1
113,106,1
115,106,6
116,106,6
117,106,2
118,106,2
119,106,2
120,106,1
121,106,1
122,106,1
124,106,6
125,106,6
126,106,2
127,106,2
128,106,2
129,106,1
130,106,1
131,106,1
133,106,5
134,106,5
135,106,1
136,106,1
137,106,1
139,106,5
140,106,5
141,106,1
142,106,1
143,106,1
145,106,5
146,106,5
147,106,1
148,106,1
149,106,1
151,106,4
152,106,4
154,106,4
155,106,4
157,106,4
158,106,4
159,106,3
160,106,2
161,106,2
162,106,2
163,106,2
108,107,2
109,107,2
110,107,2
111,107,1
112,107,1
113,107,1
116,107,6
117,107,2
118,107,2
119,107,2
120,107,1
121,107,1
122,107,1
125,107,6
126,107,2
127,107,2
128,107,2
129,107,1
130,107,1
131,107,1
134,107,5
135,107,1
136,107,1
137,107,1
140,107,5
141,107,1
142,107,1
143,107,1
146,107,5
147,107,1
148,107,1
149,107,1
152,107,4
155,107,4
158,107,4
159,107,3
160,107,2
161,107,2
162,107,2
163,107,2
109,108,2
110,108,2
111,108,1
112,108,1
113,108,1
117,108,2
118,108,2
119,108,2
120,108,1
121,108,1
122,108,1
126,108,2
127,108,2
128,108,2
129,108,1
130,108,1
131,108,1
135,108,1
136,108,1
137,108,1
141,108,1
142,108,1
143,108,1
147,108,1
148,108,1
149,108,1
110,109,2
111,109,1
112,109,1
113,109,1
118,109,2
119,109,2
120,109,1
121,109,1
122,109,1
127,109,2
128,109,2
129,109,1
130,109,1
131,109,1
136,109,1
137,109,1
142,109,1
143,109,1
148,109,1
149,109,1
111,110,1
112,110,1
113,110,1
119,110,2
120,110,1
121,110,1
122,110,1
128,110,2
129,110,1
130,110,1
131,110,1
137,110,1
143,110,1
149,110,1
112,111,1
113,111,1
120,111,1
121,111,1
122,111,1
129,111,1
130,111,1
131,111,1
113,112,1
121,112,1
122,112,1
130,112,1
131,112,1
122,113,1
131,113,1
115,114,6
116,114,6
117,114,2
118,114,2
119,114,2
120,114,1
121,114,1
122,114,1
123,114,6
124,114,6
125,114,6
126,114,2
127,114,2
128,114,2
129,114,1
130,114,1
131,114,1
132,114,5
133,114,5
134,114,5
135,114,1
136,114,1
137,114,1
138,114,5
139,114,5
140,114,5
141,114,1
142,114,1
143,114,1
144,114,5
145,114,5
146,114,5
147,114,1
148,114,1
149,114,1
150,114,4
151,114,4
152,114,4
153,114,4
154,114,4
155,114,4
156,114,4
157,114,4
158,114,4
159,114,3
160,114,2
161,114,2
162,114,2
163,114,2
116,115,6
117,115,2
118,115,2
119,115,2
120,115,1
121,115,1
122,115,1
124,115,6
125,115,6
126,115,2
127,115,2
128,115,2
129,115,1
130,115,1
131,115,1
133,115,5
134,115,5
135,115,1
136,115,1
137,115,1
139,115,5
140,115,5
141,115,1
142,115,1
143,115,1
145,115,5
146,115,5
147,115,1
148,115,1
149,115,1
151,115,4
152,115,4
154,115,4
155,115,4
157,115,4
158,115,4
159,115,3
160,115,2
161,115,2
162,115,2
163,115,2
117,116,2
118,116,2
119,116,2
120,116,1
121,116,1
122,116,1
125,116,6
126,116,2
127,116,2
128,116,2
129,116,1
130,116,1
131,116,1
134,116,5
135,116,1
136,116,1
137,116,1
140,116,5
141,116,1
142,116,1
143,116,1
146,116,5
147,116,1
148,116,1
149,116,1
152,116,4
155,116,4
158,116,4
159,116,3
160,116,2
161,116,2
162,116,2
163,116,2
118,117,2
119,117,2
120,117,1
121,117,1
122,117,1
126,117,2
127,117,2
128,117,2
129,117,1
130,117,1
131,117,1
135,117,1
136,117,1
137,117,1
141,117,1
142,117,1
143,117,1
147,117,1
148,117,1
149,117,1
119,118,2
120,118,1
121,118,1
122,118,1
127,118,2
128,118,2
129,118,1
130,118,1
131,118,1
136,118,1
137,118,1
142,118,1
143,118,1
148,118,1
149,118,1
120,119,1
121,119,1
122,119,1
128,119,2
129,119,1
130,119,1
131,119,1
137,119,1
143,119,1
149,119,1
121,120,1
122,120,1
129,120,1
130,120,1
131,120,1
122,121,1
130,121,1
131,121,1
131,122,1
124,123,6
125,123,6
126,123,2
127,123,2
128,123,2
129,123,1
130,123,1
131,123,1
132,123,5
133,123,5
134,123,5
135,123,1
136,123,1
137,123,1
138,123,5
139,123,5
140,123,5
141,123,1
142,123,1
143,123,1
144,123,5
145,123,5
146,123,5
147,123,1
148,123,1
149,123,1
150,123,4
151,123,4
152,123,4
153,123,4
154,123,4
155,123,4
156,123,4
157,123,4
158,123,4
159,123,3
160,123,2
161,123,2
162,123,2
163,123,2
125,124,6
126,124,2
127,124,2
128,124,2
129,124,1
130,124,1
131,124,1
133,124,5
134,124,5
135,124,1
136,124,1
137,124,1
139,124,5
140,124,5
141,124,1
142,124,1
143,124,1
145,124,5
146,124,5
147,124,1
148,124,1
149,124,1
151,124,4
152,124,4
154,124,4
155,124,4
157,124,4
158,124,4
159,124,3
160,124,2
161,124,2
162,124,2
163,124,2
126,125,2
127,125,2
128,125,2
129,125,1
130,125,1
131,125,1
134,125,5
135,125,1
136,125,1
137,125,1
140,125,5
141,125,1
142,125,1
143,125,1
146,125,5
147,125,1
148,125,1
149,125,1
152,125,4
155,125,4
158,125,4
159,125,3
160,125,2
161,125,2
162,125,2
163,125,2
127,126,2
128,126,2
129,126,1
130,126,1
131,126,1
135,126,1
136,126,1
137,126,1
141,126,1
142,126,1
143,126,1
147,126,1
148,126,1
149,126,1
128,127,2
129,127,1
130,127,1
131,127,1
136,127,1
137,127,1
142,127,1
143,127,1
148,127,1
149,127,1
129,128,1
130,128,1
131,128,1
137,128,1
143,128,1
149,128,1
130,129,1
131,129,1
131,130,1
133,132,5
134,132,5
135,132,1
136,132,1
137,132,1
138,132,5
139,132,5
140,132,5
141,132,1
142,132,1
143,132,1
144,132,5
145,132,5
146,132,5
147,132,1
148,132,1
149,132,1
150,132,4
151,132,4
152,132,4
153,132,4
154,132,4
155,132,4
156,132,4
157,132,4
158,132,4
159,132,3
160,132,2
161,132,2
162,132,2
163,132,2
134,133,5
135,133,1
136,133,1
137,133,1
139,133,5
140,133,5
141,133,1
142,133,1
143,133,1
145,133,5
146,133,5
147,133,1
148,133,1
149,133,1
151,133,4
152,133,4
154,133,4
155,133,4
157,133,4
158,133,4
159,133,3
160,133,2
161,133,2
162,133,2
163,133,2
135,134,1
136,134,1
137,134,1
140,134,5
141,134,1
142,134,1
143,134,1
146,134,5
147,134,1
148,134,1
149,134,1
152,134,4
155,134,4
158,134,4
159,134,3
160,134,2
161,134,2
162,134,2
163,134,2
136,135,1
137,135,1
141,135,1
142,135,1
143,135,1
147,135,1
148,135,1
149,135,1
137,136,1
142,136,1
143,136,1
148,136,1
149,136,1
143,137,1
149,137,1
139,138,5
140,138,5
141,138,1
142,138,1
143,138,1
144,138,5
145,138,5
146,138,5
147,138,1
148,138,1
149,138,1
150,138,4
151,138,4
152,138,4
153,138,4
154,138,4
155,138,4
156,138,4
157,138,4
158,138,4
159,138,3
160,138,2
161,138,2
162,138,2
163,138,2
140,139,5
141,139,1
142,139,1
143,139,1
145,139,5
146,139,5
147,139,1
148,139,1
149,139,1
151,139,4
152,139,4
154,139,4
155,139,4
157,139,4
158,139,4
159,139,3
160,139,2
161,139,2
162,139,2
163,139,2
141,140,1
142,140,1
143,140,1
146,140,5
147,140,1
148,140,1
149,140,1
152,140,4
155,140,4
158,140,4
159,140,3
160,140,2
161,140,2
162,140,2
163,140,2
142,141,1
143,141,1
147,141,1
148,141,1
149,141,1
143,142,1
148,142,1
149,142,1
149,143,1
145,144,5
146,144,5
147,144,1
148,144,1
149,144,1
150,144,4
151,144,4
152,144,4
153,144,4
154,144,4
155,144,4
156,144,4
157,144,4
158,144,4
159,144,3
160,144,2
161,144,2
162,144,2
163,144,2
146,145,5
147,145,1
148,145,1
149,145,1
151,145,4
152,145,4
154,145,4
155,145,4
157,145,4
158,145,4
159,145,3
160,145,2
161,145,2
162,145,2
163,145,2
147,146,1
148,146,1
149,146,1
152,146,4
155,146,4
158,146,4
159,146,3
160,146,2
161,146,2
162,146,2
163,146,2
148,147,1
149,147,1
149,148,1
151,150,4
152,150,4
153,150,4
154,150,4
155,150,4
156,150,4
157,150,4
158,150,4
159,150,3
160,150,2
161,150,2
162,150,2
163,150,2
152,151,4
154,151,4
155,151,4
157,151,4
158,151,4
159,151,3
160,151,2
161,151,2
162,151,2
163,151,2
155,152,4
158,152,4
159,152,3
160,152,2
161,152,2
162,152,2
163,152,2
154,153,4
155,153,4
156,153,4
157,153,4
158,153,4
159,153,3
160,153,2
161,153,2
162,153,2
163,153,2
155,154,4
157,154,4
158,154,4
159,154,3
160,154,2
161,154,2
162,154,2
163,154,2
158,155,4
159,155,3
160,155,2
161,155,2
162,155,2
163,155,2
157,156,4
158,156,4
159,156,3
160,156,2
161,156,2
162,156,2
163,156,2
158,157,4
159,157,3
160,157,2
161,157,2
162,157,2
163,157,2
159,158,3
160,158,2
161,158,2
162,158,2
163,158,2
160,159,2
161,159,2
162,159,2
163,159,2
161,160,1
162,160,1
163,160,1
163,161,1
163,162,1
